category,filename,file_path,source
protest,353191__missionariojose__passeata-contra-o-golpe-02.wav00143.wav,/home/ubuntu/data/wav/protest/_chunked/filename,freesound
protest,524600__bliind__protest-recording-4.wav00067.wav,/home/ubuntu/data/wav/protest/_chunked/filename,freesound
protest,250822__plaedo__seeds-of-change-funkier-vocals.wav00048.wav,/home/ubuntu/data/wav/protest/_chunked/filename,freesound
protest,250822__plaedo__seeds-of-change-funkier-vocals.wav00033.wav,/home/ubuntu/data/wav/protest/_chunked/filename,freesound
protest,161350__soloan__1st-july-protest-with-firework.wav00053.wav,/home/ubuntu/data/wav/protest/_chunked/filename,freesound
protest,509715__barcelonetasonora__20200318-cacerolada.wav00004.wav,/home/ubuntu/data/wav/protest/_chunked/filename,freesound
protest,524600__bliind__protest-recording-4.wav00063.wav,/home/ubuntu/data/wav/protest/_chunked/filename,freesound
protest,614619__uniuniversal__climate_change_protest.wav00009.wav,/home/ubuntu/data/wav/protest/_chunked/filename,freesound
protest,156046__xyzr_kx__chicago-nato-protest-2012-05-20.wav00012.wav,/home/ubuntu/data/wav/protest/_chunked/filename,freesound
protest,524600__bliind__protest-recording-4.wav00095.wav,/home/ubuntu/data/wav/protest/_chunked/filename,freesound
protest,353191__missionariojose__passeata-contra-o-golpe-02.wav00350.wav,/home/ubuntu/data/wav/protest/_chunked/filename,freesound
protest,161350__soloan__1st-july-protest-with-firework.wav00005.wav,/home/ubuntu/data/wav/protest/_chunked/filename,freesound
protest,156046__xyzr_kx__chicago-nato-protest-2012-05-20.wav00152.wav,/home/ubuntu/data/wav/protest/_chunked/filename,freesound
protest,509715__barcelonetasonora__20200318-cacerolada.wav00092.wav,/home/ubuntu/data/wav/protest/_chunked/filename,freesound
protest,353191__missionariojose__passeata-contra-o-golpe-02.wav00037.wav,/home/ubuntu/data/wav/protest/_chunked/filename,freesound
protest,524600__bliind__protest-recording-4.wav00084.wav,/home/ubuntu/data/wav/protest/_chunked/filename,freesound
protest,149928__dobroide__20120329_strike06closeup.wav00004.wav,/home/ubuntu/data/wav/protest/_chunked/filename,freesound
protest,121763__superliminal__protest01.wav00048.wav,/home/ubuntu/data/wav/protest/_chunked/filename,freesound
protest,353191__missionariojose__passeata-contra-o-golpe-02.wav00135.wav,/home/ubuntu/data/wav/protest/_chunked/filename,freesound
protest,547139__jeffreylamoureux__drumming-and-clapping-at-a-george-floydblm-protest-in-nyc.wav00004.wav,/home/ubuntu/data/wav/protest/_chunked/filename,freesound
protest,353191__missionariojose__passeata-contra-o-golpe-02.wav00179.wav,/home/ubuntu/data/wav/protest/_chunked/filename,freesound
protest,614619__uniuniversal__climate_change_protest.wav00060.wav,/home/ubuntu/data/wav/protest/_chunked/filename,freesound
protest,320509__xserra__kerala-2.wav00002.wav,/home/ubuntu/data/wav/protest/_chunked/filename,freesound
protest,156046__xyzr_kx__chicago-nato-protest-2012-05-20.wav00111.wav,/home/ubuntu/data/wav/protest/_chunked/filename,freesound
protest,161730__xserra__demonstration-4.wav00017.wav,/home/ubuntu/data/wav/protest/_chunked/filename,freesound
protest,156046__xyzr_kx__chicago-nato-protest-2012-05-20.wav00064.wav,/home/ubuntu/data/wav/protest/_chunked/filename,freesound
protest,353191__missionariojose__passeata-contra-o-golpe-02.wav00404.wav,/home/ubuntu/data/wav/protest/_chunked/filename,freesound
protest,161350__soloan__1st-july-protest-with-firework.wav00025.wav,/home/ubuntu/data/wav/protest/_chunked/filename,freesound
protest,121763__superliminal__protest01.wav00005.wav,/home/ubuntu/data/wav/protest/_chunked/filename,freesound
protest,614619__uniuniversal__climate_change_protest.wav00051.wav,/home/ubuntu/data/wav/protest/_chunked/filename,freesound
protest,353191__missionariojose__passeata-contra-o-golpe-02.wav00091.wav,/home/ubuntu/data/wav/protest/_chunked/filename,freesound
protest,353191__missionariojose__passeata-contra-o-golpe-02.wav00193.wav,/home/ubuntu/data/wav/protest/_chunked/filename,freesound
protest,353191__missionariojose__passeata-contra-o-golpe-02.wav00379.wav,/home/ubuntu/data/wav/protest/_chunked/filename,freesound
protest,509715__barcelonetasonora__20200318-cacerolada.wav00080.wav,/home/ubuntu/data/wav/protest/_chunked/filename,freesound
protest,149928__dobroide__20120329_strike06closeup.wav00018.wav,/home/ubuntu/data/wav/protest/_chunked/filename,freesound
protest,353191__missionariojose__passeata-contra-o-golpe-02.wav00053.wav,/home/ubuntu/data/wav/protest/_chunked/filename,freesound
protest,161730__xserra__demonstration-4.wav00001.wav,/home/ubuntu/data/wav/protest/_chunked/filename,freesound
protest,353191__missionariojose__passeata-contra-o-golpe-02.wav00238.wav,/home/ubuntu/data/wav/protest/_chunked/filename,freesound
protest,353191__missionariojose__passeata-contra-o-golpe-02.wav00275.wav,/home/ubuntu/data/wav/protest/_chunked/filename,freesound
protest,121764__superliminal__protest02.wav00026.wav,/home/ubuntu/data/wav/protest/_chunked/filename,freesound
protest,614619__uniuniversal__climate_change_protest.wav00022.wav,/home/ubuntu/data/wav/protest/_chunked/filename,freesound
protest,161350__soloan__1st-july-protest-with-firework.wav00061.wav,/home/ubuntu/data/wav/protest/_chunked/filename,freesound
protest,121763__superliminal__protest01.wav00028.wav,/home/ubuntu/data/wav/protest/_chunked/filename,freesound
protest,509715__barcelonetasonora__20200318-cacerolada.wav00100.wav,/home/ubuntu/data/wav/protest/_chunked/filename,freesound
protest,156046__xyzr_kx__chicago-nato-protest-2012-05-20.wav00089.wav,/home/ubuntu/data/wav/protest/_chunked/filename,freesound
protest,614619__uniuniversal__climate_change_protest.wav00046.wav,/home/ubuntu/data/wav/protest/_chunked/filename,freesound
protest,353191__missionariojose__passeata-contra-o-golpe-02.wav00306.wav,/home/ubuntu/data/wav/protest/_chunked/filename,freesound
protest,156046__xyzr_kx__chicago-nato-protest-2012-05-20.wav00036.wav,/home/ubuntu/data/wav/protest/_chunked/filename,freesound
protest,353191__missionariojose__passeata-contra-o-golpe-02.wav00029.wav,/home/ubuntu/data/wav/protest/_chunked/filename,freesound
protest,121763__superliminal__protest01.wav00017.wav,/home/ubuntu/data/wav/protest/_chunked/filename,freesound
protest,353191__missionariojose__passeata-contra-o-golpe-02.wav00065.wav,/home/ubuntu/data/wav/protest/_chunked/filename,freesound
protest,161350__soloan__1st-july-protest-with-firework.wav00062.wav,/home/ubuntu/data/wav/protest/_chunked/filename,freesound
protest,547139__jeffreylamoureux__drumming-and-clapping-at-a-george-floydblm-protest-in-nyc.wav00000.wav,/home/ubuntu/data/wav/protest/_chunked/filename,freesound
protest,524600__bliind__protest-recording-4.wav00012.wav,/home/ubuntu/data/wav/protest/_chunked/filename,freesound
protest,121763__superliminal__protest01.wav00011.wav,/home/ubuntu/data/wav/protest/_chunked/filename,freesound
protest,156046__xyzr_kx__chicago-nato-protest-2012-05-20.wav00086.wav,/home/ubuntu/data/wav/protest/_chunked/filename,freesound
protest,161350__soloan__1st-july-protest-with-firework.wav00004.wav,/home/ubuntu/data/wav/protest/_chunked/filename,freesound
protest,614619__uniuniversal__climate_change_protest.wav00078.wav,/home/ubuntu/data/wav/protest/_chunked/filename,freesound
protest,509715__barcelonetasonora__20200318-cacerolada.wav00089.wav,/home/ubuntu/data/wav/protest/_chunked/filename,freesound
protest,161350__soloan__1st-july-protest-with-firework.wav00018.wav,/home/ubuntu/data/wav/protest/_chunked/filename,freesound
protest,524600__bliind__protest-recording-4.wav00025.wav,/home/ubuntu/data/wav/protest/_chunked/filename,freesound
protest,614619__uniuniversal__climate_change_protest.wav00041.wav,/home/ubuntu/data/wav/protest/_chunked/filename,freesound
protest,353191__missionariojose__passeata-contra-o-golpe-02.wav00074.wav,/home/ubuntu/data/wav/protest/_chunked/filename,freesound
protest,509715__barcelonetasonora__20200318-cacerolada.wav00036.wav,/home/ubuntu/data/wav/protest/_chunked/filename,freesound
protest,353191__missionariojose__passeata-contra-o-golpe-02.wav00066.wav,/home/ubuntu/data/wav/protest/_chunked/filename,freesound
protest,509715__barcelonetasonora__20200318-cacerolada.wav00097.wav,/home/ubuntu/data/wav/protest/_chunked/filename,freesound
protest,121764__superliminal__protest02.wav00057.wav,/home/ubuntu/data/wav/protest/_chunked/filename,freesound
protest,353191__missionariojose__passeata-contra-o-golpe-02.wav00362.wav,/home/ubuntu/data/wav/protest/_chunked/filename,freesound
protest,353191__missionariojose__passeata-contra-o-golpe-02.wav00319.wav,/home/ubuntu/data/wav/protest/_chunked/filename,freesound
protest,156046__xyzr_kx__chicago-nato-protest-2012-05-20.wav00043.wav,/home/ubuntu/data/wav/protest/_chunked/filename,freesound
protest,161730__xserra__demonstration-4.wav00013.wav,/home/ubuntu/data/wav/protest/_chunked/filename,freesound
protest,250822__plaedo__seeds-of-change-funkier-vocals.wav00032.wav,/home/ubuntu/data/wav/protest/_chunked/filename,freesound
protest,161350__soloan__1st-july-protest-with-firework.wav00039.wav,/home/ubuntu/data/wav/protest/_chunked/filename,freesound
protest,353191__missionariojose__passeata-contra-o-golpe-02.wav00194.wav,/home/ubuntu/data/wav/protest/_chunked/filename,freesound
protest,524600__bliind__protest-recording-4.wav00099.wav,/home/ubuntu/data/wav/protest/_chunked/filename,freesound
protest,353191__missionariojose__passeata-contra-o-golpe-02.wav00227.wav,/home/ubuntu/data/wav/protest/_chunked/filename,freesound
protest,353191__missionariojose__passeata-contra-o-golpe-02.wav00381.wav,/home/ubuntu/data/wav/protest/_chunked/filename,freesound
protest,353191__missionariojose__passeata-contra-o-golpe-02.wav00073.wav,/home/ubuntu/data/wav/protest/_chunked/filename,freesound
protest,149928__dobroide__20120329_strike06closeup.wav00019.wav,/home/ubuntu/data/wav/protest/_chunked/filename,freesound
protest,353191__missionariojose__passeata-contra-o-golpe-02.wav00252.wav,/home/ubuntu/data/wav/protest/_chunked/filename,freesound
protest,524600__bliind__protest-recording-4.wav00027.wav,/home/ubuntu/data/wav/protest/_chunked/filename,freesound
protest,353191__missionariojose__passeata-contra-o-golpe-02.wav00315.wav,/home/ubuntu/data/wav/protest/_chunked/filename,freesound
protest,353191__missionariojose__passeata-contra-o-golpe-02.wav00119.wav,/home/ubuntu/data/wav/protest/_chunked/filename,freesound
protest,524600__bliind__protest-recording-4.wav00079.wav,/home/ubuntu/data/wav/protest/_chunked/filename,freesound
protest,131489__plagasul__protestas_migrantes_brux.wav00042.wav,/home/ubuntu/data/wav/protest/_chunked/filename,freesound
protest,524600__bliind__protest-recording-4.wav00107.wav,/home/ubuntu/data/wav/protest/_chunked/filename,freesound
protest,524600__bliind__protest-recording-4.wav00040.wav,/home/ubuntu/data/wav/protest/_chunked/filename,freesound
protest,524600__bliind__protest-recording-4.wav00066.wav,/home/ubuntu/data/wav/protest/_chunked/filename,freesound
protest,156046__xyzr_kx__chicago-nato-protest-2012-05-20.wav00024.wav,/home/ubuntu/data/wav/protest/_chunked/filename,freesound
protest,330993__pillonoise__riots-leipzig-germany-1212.wav00002.wav,/home/ubuntu/data/wav/protest/_chunked/filename,freesound
protest,156046__xyzr_kx__chicago-nato-protest-2012-05-20.wav00129.wav,/home/ubuntu/data/wav/protest/_chunked/filename,freesound
protest,353191__missionariojose__passeata-contra-o-golpe-02.wav00276.wav,/home/ubuntu/data/wav/protest/_chunked/filename,freesound
protest,250822__plaedo__seeds-of-change-funkier-vocals.wav00054.wav,/home/ubuntu/data/wav/protest/_chunked/filename,freesound
protest,614619__uniuniversal__climate_change_protest.wav00068.wav,/home/ubuntu/data/wav/protest/_chunked/filename,freesound
protest,524600__bliind__protest-recording-4.wav00048.wav,/home/ubuntu/data/wav/protest/_chunked/filename,freesound
protest,353191__missionariojose__passeata-contra-o-golpe-02.wav00405.wav,/home/ubuntu/data/wav/protest/_chunked/filename,freesound
protest,250822__plaedo__seeds-of-change-funkier-vocals.wav00035.wav,/home/ubuntu/data/wav/protest/_chunked/filename,freesound
protest,325039__m4athieu__cacerolada-11-novembre-2014.wav00000.wav,/home/ubuntu/data/wav/protest/_chunked/filename,freesound
protest,614619__uniuniversal__climate_change_protest.wav00048.wav,/home/ubuntu/data/wav/protest/_chunked/filename,freesound
protest,353191__missionariojose__passeata-contra-o-golpe-02.wav00334.wav,/home/ubuntu/data/wav/protest/_chunked/filename,freesound
smoking_cigarette,136461__singular_estudio__lights-cigarette.wav00003.wav,/home/ubuntu/data/wav/smoking_cigarette/_chunked/filename,freesound
smoking_cigarette,176677__joanzz__cig.wav00014.wav,/home/ubuntu/data/wav/smoking_cigarette/_chunked/filename,freesound
smoking_cigarette,153295__gerardcatala__cigarette-paper.wav00000.wav,/home/ubuntu/data/wav/smoking_cigarette/_chunked/filename,freesound
smoking_cigarette,552407__kharnnivore__cigarro-cigarette.wav00003.wav,/home/ubuntu/data/wav/smoking_cigarette/_chunked/filename,freesound
smoking_cigarette,521483__mikenavajas__cigarette-cigarrillo.wav00000.wav,/home/ubuntu/data/wav/smoking_cigarette/_chunked/filename,freesound
smoking_cigarette,214313__myseria__breathe-in-and-out-of-a-male-smoker.wav00004.wav,/home/ubuntu/data/wav/smoking_cigarette/_chunked/filename,freesound
smoking_cigarette,327600__janevdmerwe1995__matches-being-ignited.wav00001.wav,/home/ubuntu/data/wav/smoking_cigarette/_chunked/filename,freesound
smoking_cigarette,595049__sinead_owi__lighter-sound_owi.wav00003.wav,/home/ubuntu/data/wav/smoking_cigarette/_chunked/filename,freesound
smoking_cigarette,514837__schwarzerfisch__zundholz-und-pfeife-anstecken.wav00001.wav,/home/ubuntu/data/wav/smoking_cigarette/_chunked/filename,freesound
smoking_cigarette,260098__alccalh__lighter-strike.wav00000.wav,/home/ubuntu/data/wav/smoking_cigarette/_chunked/filename,freesound
smoking_cigarette,132625__nakhas__consuming-cigarette-breathes.wav00000.wav,/home/ubuntu/data/wav/smoking_cigarette/_chunked/filename,freesound
smoking_cigarette,214313__myseria__breathe-in-and-out-of-a-male-smoker.wav00007.wav,/home/ubuntu/data/wav/smoking_cigarette/_chunked/filename,freesound
smoking_cigarette,368380__madamvicious__cigarette-girl.wav00000.wav,/home/ubuntu/data/wav/smoking_cigarette/_chunked/filename,freesound
smoking_cigarette,595049__sinead_owi__lighter-sound_owi.wav00002.wav,/home/ubuntu/data/wav/smoking_cigarette/_chunked/filename,freesound
smoking_cigarette,471290__mateo_herrera__10-cigarrillo.wav00000.wav,/home/ubuntu/data/wav/smoking_cigarette/_chunked/filename,freesound
smoking_cigarette,176677__joanzz__cig.wav00005.wav,/home/ubuntu/data/wav/smoking_cigarette/_chunked/filename,freesound
smoking_cigarette,349364__mags_007__lighter.wav00000.wav,/home/ubuntu/data/wav/smoking_cigarette/_chunked/filename,freesound
smoking_cigarette,214313__myseria__breathe-in-and-out-of-a-male-smoker.wav00002.wav,/home/ubuntu/data/wav/smoking_cigarette/_chunked/filename,freesound
smoking_cigarette,595049__sinead_owi__lighter-sound_owi.wav00000.wav,/home/ubuntu/data/wav/smoking_cigarette/_chunked/filename,freesound
smoking_cigarette,552407__kharnnivore__cigarro-cigarette.wav00004.wav,/home/ubuntu/data/wav/smoking_cigarette/_chunked/filename,freesound
smoking_cigarette,136461__singular_estudio__lights-cigarette.wav00000.wav,/home/ubuntu/data/wav/smoking_cigarette/_chunked/filename,freesound
smoking_cigarette,616355__jalyncatbtg__woman-smoking.wav00000.wav,/home/ubuntu/data/wav/smoking_cigarette/_chunked/filename,freesound
smoking_cigarette,274804__barkerspinhead__cigarette-out-of-the-package.wav00000.wav,/home/ubuntu/data/wav/smoking_cigarette/_chunked/filename,freesound
smoking_cigarette,176677__joanzz__cig.wav00002.wav,/home/ubuntu/data/wav/smoking_cigarette/_chunked/filename,freesound
smoking_cigarette,214313__myseria__breathe-in-and-out-of-a-male-smoker.wav00003.wav,/home/ubuntu/data/wav/smoking_cigarette/_chunked/filename,freesound
smoking_cigarette,195712__ilame__smoke.wav00000.wav,/home/ubuntu/data/wav/smoking_cigarette/_chunked/filename,freesound
smoking_cigarette,366421__univ_lyon3__herasimenka_dziyana_2016_2017_smokingwaves.wav00001.wav,/home/ubuntu/data/wav/smoking_cigarette/_chunked/filename,freesound
smoking_cigarette,327595__janevdmerwe1995__lighter.wav00001.wav,/home/ubuntu/data/wav/smoking_cigarette/_chunked/filename,freesound
smoking_cigarette,514837__schwarzerfisch__zundholz-und-pfeife-anstecken.wav00000.wav,/home/ubuntu/data/wav/smoking_cigarette/_chunked/filename,freesound
smoking_cigarette,132625__nakhas__consuming-cigarette-breathes.wav00001.wav,/home/ubuntu/data/wav/smoking_cigarette/_chunked/filename,freesound
smoking_cigarette,176677__joanzz__cig.wav00013.wav,/home/ubuntu/data/wav/smoking_cigarette/_chunked/filename,freesound
smoking_cigarette,176677__joanzz__cig.wav00003.wav,/home/ubuntu/data/wav/smoking_cigarette/_chunked/filename,freesound
smoking_cigarette,327596__janevdmerwe1995__playing-with-a-lighter.wav00002.wav,/home/ubuntu/data/wav/smoking_cigarette/_chunked/filename,freesound
smoking_cigarette,552407__kharnnivore__cigarro-cigarette.wav00002.wav,/home/ubuntu/data/wav/smoking_cigarette/_chunked/filename,freesound
smoking_cigarette,443080__univ_lyon3__garcin_laura_2018_2019_smoking.wav00000.wav,/home/ubuntu/data/wav/smoking_cigarette/_chunked/filename,freesound
smoking_cigarette,176677__joanzz__cig.wav00007.wav,/home/ubuntu/data/wav/smoking_cigarette/_chunked/filename,freesound
smoking_cigarette,349364__mags_007__lighter.wav00002.wav,/home/ubuntu/data/wav/smoking_cigarette/_chunked/filename,freesound
smoking_cigarette,136461__singular_estudio__lights-cigarette.wav00001.wav,/home/ubuntu/data/wav/smoking_cigarette/_chunked/filename,freesound
smoking_cigarette,393049__sbaneat__fumar.wav00000.wav,/home/ubuntu/data/wav/smoking_cigarette/_chunked/filename,freesound
smoking_cigarette,157589__husky70__having-a-smoke.wav00001.wav,/home/ubuntu/data/wav/smoking_cigarette/_chunked/filename,freesound
smoking_cigarette,552407__kharnnivore__cigarro-cigarette.wav00006.wav,/home/ubuntu/data/wav/smoking_cigarette/_chunked/filename,freesound
smoking_cigarette,327596__janevdmerwe1995__playing-with-a-lighter.wav00001.wav,/home/ubuntu/data/wav/smoking_cigarette/_chunked/filename,freesound
smoking_cigarette,616863__arsen-ka__cigarette.wav00001.wav,/home/ubuntu/data/wav/smoking_cigarette/_chunked/filename,freesound
smoking_cigarette,595049__sinead_owi__lighter-sound_owi.wav00004.wav,/home/ubuntu/data/wav/smoking_cigarette/_chunked/filename,freesound
smoking_cigarette,214313__myseria__breathe-in-and-out-of-a-male-smoker.wav00009.wav,/home/ubuntu/data/wav/smoking_cigarette/_chunked/filename,freesound
smoking_cigarette,347917__nickoxytocin__lighting-a-ciggarete.wav00001.wav,/home/ubuntu/data/wav/smoking_cigarette/_chunked/filename,freesound
smoking_cigarette,136461__singular_estudio__lights-cigarette.wav00002.wav,/home/ubuntu/data/wav/smoking_cigarette/_chunked/filename,freesound
smoking_cigarette,256291__ninafoletti__cigarette.wav00000.wav,/home/ubuntu/data/wav/smoking_cigarette/_chunked/filename,freesound
smoking_cigarette,265362__lmr9__smoking3.wav00000.wav,/home/ubuntu/data/wav/smoking_cigarette/_chunked/filename,freesound
smoking_cigarette,521483__mikenavajas__cigarette-cigarrillo.wav00002.wav,/home/ubuntu/data/wav/smoking_cigarette/_chunked/filename,freesound
smoking_cigarette,514837__schwarzerfisch__zundholz-und-pfeife-anstecken.wav00003.wav,/home/ubuntu/data/wav/smoking_cigarette/_chunked/filename,freesound
smoking_cigarette,616863__arsen-ka__cigarette.wav00000.wav,/home/ubuntu/data/wav/smoking_cigarette/_chunked/filename,freesound
smoking_cigarette,214313__myseria__breathe-in-and-out-of-a-male-smoker.wav00010.wav,/home/ubuntu/data/wav/smoking_cigarette/_chunked/filename,freesound
smoking_cigarette,136461__singular_estudio__lights-cigarette.wav00004.wav,/home/ubuntu/data/wav/smoking_cigarette/_chunked/filename,freesound
smoking_cigarette,327595__janevdmerwe1995__lighter.wav00003.wav,/home/ubuntu/data/wav/smoking_cigarette/_chunked/filename,freesound
smoking_cigarette,157589__husky70__having-a-smoke.wav00000.wav,/home/ubuntu/data/wav/smoking_cigarette/_chunked/filename,freesound
smoking_cigarette,176677__joanzz__cig.wav00011.wav,/home/ubuntu/data/wav/smoking_cigarette/_chunked/filename,freesound
smoking_cigarette,176677__joanzz__cig.wav00001.wav,/home/ubuntu/data/wav/smoking_cigarette/_chunked/filename,freesound
smoking_cigarette,327596__janevdmerwe1995__playing-with-a-lighter.wav00003.wav,/home/ubuntu/data/wav/smoking_cigarette/_chunked/filename,freesound
smoking_cigarette,552407__kharnnivore__cigarro-cigarette.wav00005.wav,/home/ubuntu/data/wav/smoking_cigarette/_chunked/filename,freesound
smoking_cigarette,327600__janevdmerwe1995__matches-being-ignited.wav00000.wav,/home/ubuntu/data/wav/smoking_cigarette/_chunked/filename,freesound
smoking_cigarette,176677__joanzz__cig.wav00008.wav,/home/ubuntu/data/wav/smoking_cigarette/_chunked/filename,freesound
smoking_cigarette,552407__kharnnivore__cigarro-cigarette.wav00000.wav,/home/ubuntu/data/wav/smoking_cigarette/_chunked/filename,freesound
smoking_cigarette,521483__mikenavajas__cigarette-cigarrillo.wav00001.wav,/home/ubuntu/data/wav/smoking_cigarette/_chunked/filename,freesound
smoking_cigarette,521482__mikenavajas__cigarette-cigarrillo.wav00000.wav,/home/ubuntu/data/wav/smoking_cigarette/_chunked/filename,freesound
smoking_cigarette,233219__polanko__sound-2.wav00000.wav,/home/ubuntu/data/wav/smoking_cigarette/_chunked/filename,freesound
smoking_cigarette,616355__jalyncatbtg__woman-smoking.wav00001.wav,/home/ubuntu/data/wav/smoking_cigarette/_chunked/filename,freesound
smoking_cigarette,368380__madamvicious__cigarette-girl.wav00001.wav,/home/ubuntu/data/wav/smoking_cigarette/_chunked/filename,freesound
smoking_cigarette,176677__joanzz__cig.wav00009.wav,/home/ubuntu/data/wav/smoking_cigarette/_chunked/filename,freesound
smoking_cigarette,349364__mags_007__lighter.wav00001.wav,/home/ubuntu/data/wav/smoking_cigarette/_chunked/filename,freesound
smoking_cigarette,349364__mags_007__lighter.wav00003.wav,/home/ubuntu/data/wav/smoking_cigarette/_chunked/filename,freesound
smoking_cigarette,214313__myseria__breathe-in-and-out-of-a-male-smoker.wav00008.wav,/home/ubuntu/data/wav/smoking_cigarette/_chunked/filename,freesound
smoking_cigarette,256291__ninafoletti__cigarette.wav00001.wav,/home/ubuntu/data/wav/smoking_cigarette/_chunked/filename,freesound
smoking_cigarette,445642__tilano408__17-puff.wav00000.wav,/home/ubuntu/data/wav/smoking_cigarette/_chunked/filename,freesound
smoking_cigarette,274804__barkerspinhead__cigarette-out-of-the-package.wav00001.wav,/home/ubuntu/data/wav/smoking_cigarette/_chunked/filename,freesound
smoking_cigarette,514837__schwarzerfisch__zundholz-und-pfeife-anstecken.wav00002.wav,/home/ubuntu/data/wav/smoking_cigarette/_chunked/filename,freesound
smoking_cigarette,347917__nickoxytocin__lighting-a-ciggarete.wav00000.wav,/home/ubuntu/data/wav/smoking_cigarette/_chunked/filename,freesound
smoking_cigarette,268963__kczub__cigarette-inhale.wav00000.wav,/home/ubuntu/data/wav/smoking_cigarette/_chunked/filename,freesound
smoking_cigarette,327600__janevdmerwe1995__matches-being-ignited.wav00006.wav,/home/ubuntu/data/wav/smoking_cigarette/_chunked/filename,freesound
smoking_cigarette,176677__joanzz__cig.wav00006.wav,/home/ubuntu/data/wav/smoking_cigarette/_chunked/filename,freesound
smoking_cigarette,327600__janevdmerwe1995__matches-being-ignited.wav00004.wav,/home/ubuntu/data/wav/smoking_cigarette/_chunked/filename,freesound
smoking_cigarette,655685__always_hungry2110__5cigarette-drag.wav00000.wav,/home/ubuntu/data/wav/smoking_cigarette/_chunked/filename,freesound
smoking_cigarette,366421__univ_lyon3__herasimenka_dziyana_2016_2017_smokingwaves.wav00000.wav,/home/ubuntu/data/wav/smoking_cigarette/_chunked/filename,freesound
smoking_cigarette,214313__myseria__breathe-in-and-out-of-a-male-smoker.wav00001.wav,/home/ubuntu/data/wav/smoking_cigarette/_chunked/filename,freesound
smoking_cigarette,176677__joanzz__cig.wav00010.wav,/home/ubuntu/data/wav/smoking_cigarette/_chunked/filename,freesound
smoking_cigarette,176677__joanzz__cig.wav00012.wav,/home/ubuntu/data/wav/smoking_cigarette/_chunked/filename,freesound
smoking_cigarette,214313__myseria__breathe-in-and-out-of-a-male-smoker.wav00000.wav,/home/ubuntu/data/wav/smoking_cigarette/_chunked/filename,freesound
smoking_cigarette,327595__janevdmerwe1995__lighter.wav00002.wav,/home/ubuntu/data/wav/smoking_cigarette/_chunked/filename,freesound
smoking_cigarette,176677__joanzz__cig.wav00004.wav,/home/ubuntu/data/wav/smoking_cigarette/_chunked/filename,freesound
smoking_cigarette,595049__sinead_owi__lighter-sound_owi.wav00005.wav,/home/ubuntu/data/wav/smoking_cigarette/_chunked/filename,freesound
smoking_cigarette,521482__mikenavajas__cigarette-cigarrillo.wav00001.wav,/home/ubuntu/data/wav/smoking_cigarette/_chunked/filename,freesound
smoking_cigarette,390527__iut_paris8__damien_koutodjo_2016_2017_son_de_briquet_lighter_sound.wav00000.wav,/home/ubuntu/data/wav/smoking_cigarette/_chunked/filename,freesound
smoking_cigarette,327600__janevdmerwe1995__matches-being-ignited.wav00003.wav,/home/ubuntu/data/wav/smoking_cigarette/_chunked/filename,freesound
smoking_cigarette,542840__jayroo9__2020_11_03_batteries_02.wav00000.wav,/home/ubuntu/data/wav/smoking_cigarette/_chunked/filename,freesound
smoking_cigarette,214313__myseria__breathe-in-and-out-of-a-male-smoker.wav00006.wav,/home/ubuntu/data/wav/smoking_cigarette/_chunked/filename,freesound
smoking_cigarette,176677__joanzz__cig.wav00000.wav,/home/ubuntu/data/wav/smoking_cigarette/_chunked/filename,freesound
smoking_cigarette,552407__kharnnivore__cigarro-cigarette.wav00001.wav,/home/ubuntu/data/wav/smoking_cigarette/_chunked/filename,freesound
smoking_cigarette,327600__janevdmerwe1995__matches-being-ignited.wav00002.wav,/home/ubuntu/data/wav/smoking_cigarette/_chunked/filename,freesound
smoking_cigarette,327595__janevdmerwe1995__lighter.wav00000.wav,/home/ubuntu/data/wav/smoking_cigarette/_chunked/filename,freesound
smoking_cigarette,595049__sinead_owi__lighter-sound_owi.wav00001.wav,/home/ubuntu/data/wav/smoking_cigarette/_chunked/filename,freesound
smoking_cigarette,327596__janevdmerwe1995__playing-with-a-lighter.wav00000.wav,/home/ubuntu/data/wav/smoking_cigarette/_chunked/filename,freesound
smoking_cigarette,41177__m-red__smokn.wav00000.wav,/home/ubuntu/data/wav/smoking_cigarette/_chunked/filename,freesound
smoking_cigarette,327600__janevdmerwe1995__matches-being-ignited.wav00005.wav,/home/ubuntu/data/wav/smoking_cigarette/_chunked/filename,freesound
smoking_cigarette,214313__myseria__breathe-in-and-out-of-a-male-smoker.wav00005.wav,/home/ubuntu/data/wav/smoking_cigarette/_chunked/filename,freesound
breaking_news_jingle,476716__sergequadrado__news-loop.wav00001.wav,/home/ubuntu/data/wav/breaking_news_jingle/_chunked/filename,freesound
breaking_news_jingle,156060__thejack288__jingle-breaking-news-radio.wav00000.wav00000.wav00000.wav,/home/ubuntu/data/wav/breaking_news_jingle/_chunked/filename,freesound
breaking_news_jingle,476716__sergequadrado__news-loop.wav00001.wav00000.wav,/home/ubuntu/data/wav/breaking_news_jingle/_chunked/filename,freesound
breaking_news_jingle,breakingnews1.wav00001.wav,/home/ubuntu/data/wav/breaking_news_jingle/_chunked/filename,freesound
breaking_news_jingle,476716__sergequadrado__news-loop.wav00000.wav,/home/ubuntu/data/wav/breaking_news_jingle/_chunked/filename,freesound
breaking_news_jingle,breakingnews1.wav00000.wav,/home/ubuntu/data/wav/breaking_news_jingle/_chunked/filename,freesound
breaking_news_jingle,476716__sergequadrado__news-loop.wav00001.wav00000.wav00000.wav,/home/ubuntu/data/wav/breaking_news_jingle/_chunked/filename,freesound
breaking_news_jingle,breakingnews1.wav00000.wav00000.wav,/home/ubuntu/data/wav/breaking_news_jingle/_chunked/filename,freesound
breaking_news_jingle,breakingnews1.wav00001.wav00000.wav,/home/ubuntu/data/wav/breaking_news_jingle/_chunked/filename,freesound
breaking_news_jingle,breakingnews1.wav00000.wav00000.wav00000.wav,/home/ubuntu/data/wav/breaking_news_jingle/_chunked/filename,freesound
breaking_news_jingle,476716__sergequadrado__news-loop.wav00000.wav00000.wav00000.wav,/home/ubuntu/data/wav/breaking_news_jingle/_chunked/filename,freesound
breaking_news_jingle,476716__sergequadrado__news-loop.wav00000.wav00000.wav,/home/ubuntu/data/wav/breaking_news_jingle/_chunked/filename,freesound
breaking_news_jingle,156060__thejack288__jingle-breaking-news-radio.wav00000.wav,/home/ubuntu/data/wav/breaking_news_jingle/_chunked/filename,freesound
breaking_news_jingle,156060__thejack288__jingle-breaking-news-radio.wav00000.wav00000.wav,/home/ubuntu/data/wav/breaking_news_jingle/_chunked/filename,freesound
breaking_news_jingle,breakingnews1.wav00001.wav00000.wav00000.wav,/home/ubuntu/data/wav/breaking_news_jingle/_chunked/filename,freesound
car_crash,99960__cgeffex__large-crash (1).wav00000.wav,/home/ubuntu/data/wav/car_crash/_chunked/filename,freesound
car_crash,99960__cgeffex__large-crash.wav00000.wav,/home/ubuntu/data/wav/car_crash/_chunked/filename,freesound
car_crash,367624__fxkid2__crash.wav00000.wav00000.wav,/home/ubuntu/data/wav/car_crash/_chunked/filename,freesound
car_crash,592388__magnuswaker__car-crash-with-glass.wav00000.wav00000.wav,/home/ubuntu/data/wav/car_crash/_chunked/filename,freesound
car_crash,99960__cgeffex__large-crash.wav00000.wav00000.wav,/home/ubuntu/data/wav/car_crash/_chunked/filename,freesound
car_crash,99960__cgeffex__large-crash (1).wav00000.wav00000.wav,/home/ubuntu/data/wav/car_crash/_chunked/filename,freesound
car_crash,367624__fxkid2__crash.wav00000.wav,/home/ubuntu/data/wav/car_crash/_chunked/filename,freesound
car_crash,684751__supersouper__carcrash2.wav00000.wav00000.wav,/home/ubuntu/data/wav/car_crash/_chunked/filename,freesound
car_crash,367624__fxkid2__crash (1).wav00000.wav,/home/ubuntu/data/wav/car_crash/_chunked/filename,freesound
car_crash,367624__fxkid2__crash (1).wav00000.wav00000.wav,/home/ubuntu/data/wav/car_crash/_chunked/filename,freesound
car_crash,592388__magnuswaker__car-crash-with-glass.wav00000.wav,/home/ubuntu/data/wav/car_crash/_chunked/filename,freesound
car_crash,684751__supersouper__carcrash2.wav00000.wav,/home/ubuntu/data/wav/car_crash/_chunked/filename,freesound
electrocardiogram-stop,electrocardiogram-stop_1.wav00000.wav,/home/ubuntu/data/wav/electrocardiogram-stop/_chunked/filename,freesound
electrocardiogram-stop,electcardiogram-stop3.wav00000.wav,/home/ubuntu/data/wav/electrocardiogram-stop/_chunked/filename,freesound
electrocardiogram-stop,electrocardiogram-stop_2.wav00000.wav,/home/ubuntu/data/wav/electrocardiogram-stop/_chunked/filename,freesound
electrocardiogram-stop,electrocardiogram-stop4.wav00000.wav,/home/ubuntu/data/wav/electrocardiogram-stop/_chunked/filename,freesound
unscrewing_a_wine_bottle,367545__drmaysta__cork_bottle_opening.wav00004.wav,/home/ubuntu/data/wav/unscrewing_a_wine_bottle/_chunked/filename,freesound
unscrewing_a_wine_bottle,367545__drmaysta__cork_bottle_opening.wav00000.wav,/home/ubuntu/data/wav/unscrewing_a_wine_bottle/_chunked/filename,freesound
unscrewing_a_wine_bottle,272052__ylearkisto__pullo-korkki-auki-viinipullo-wine-bottle-opening-with-a-corkscrew-genuine-cork-twisting-creak-squeak-pop-various-versions.wav00005.wav,/home/ubuntu/data/wav/unscrewing_a_wine_bottle/_chunked/filename,freesound
unscrewing_a_wine_bottle,367545__drmaysta__cork_bottle_opening.wav00002.wav,/home/ubuntu/data/wav/unscrewing_a_wine_bottle/_chunked/filename,freesound
unscrewing_a_wine_bottle,272052__ylearkisto__pullo-korkki-auki-viinipullo-wine-bottle-opening-with-a-corkscrew-genuine-cork-twisting-creak-squeak-pop-various-versions.wav00001.wav,/home/ubuntu/data/wav/unscrewing_a_wine_bottle/_chunked/filename,freesound
unscrewing_a_wine_bottle,272052__ylearkisto__pullo-korkki-auki-viinipullo-wine-bottle-opening-with-a-corkscrew-genuine-cork-twisting-creak-squeak-pop-various-versions.wav00003.wav,/home/ubuntu/data/wav/unscrewing_a_wine_bottle/_chunked/filename,freesound
unscrewing_a_wine_bottle,272052__ylearkisto__pullo-korkki-auki-viinipullo-wine-bottle-opening-with-a-corkscrew-genuine-cork-twisting-creak-squeak-pop-various-versions.wav00000.wav,/home/ubuntu/data/wav/unscrewing_a_wine_bottle/_chunked/filename,freesound
unscrewing_a_wine_bottle,272052__ylearkisto__pullo-korkki-auki-viinipullo-wine-bottle-opening-with-a-corkscrew-genuine-cork-twisting-creak-squeak-pop-various-versions.wav00009.wav,/home/ubuntu/data/wav/unscrewing_a_wine_bottle/_chunked/filename,freesound
unscrewing_a_wine_bottle,367545__drmaysta__cork_bottle_opening.wav00003.wav,/home/ubuntu/data/wav/unscrewing_a_wine_bottle/_chunked/filename,freesound
unscrewing_a_wine_bottle,367545__drmaysta__cork_bottle_opening.wav00001.wav,/home/ubuntu/data/wav/unscrewing_a_wine_bottle/_chunked/filename,freesound
unscrewing_a_wine_bottle,272052__ylearkisto__pullo-korkki-auki-viinipullo-wine-bottle-opening-with-a-corkscrew-genuine-cork-twisting-creak-squeak-pop-various-versions.wav00002.wav,/home/ubuntu/data/wav/unscrewing_a_wine_bottle/_chunked/filename,freesound
unscrewing_a_wine_bottle,272052__ylearkisto__pullo-korkki-auki-viinipullo-wine-bottle-opening-with-a-corkscrew-genuine-cork-twisting-creak-squeak-pop-various-versions.wav00004.wav,/home/ubuntu/data/wav/unscrewing_a_wine_bottle/_chunked/filename,freesound
unscrewing_a_wine_bottle,272052__ylearkisto__pullo-korkki-auki-viinipullo-wine-bottle-opening-with-a-corkscrew-genuine-cork-twisting-creak-squeak-pop-various-versions.wav00008.wav,/home/ubuntu/data/wav/unscrewing_a_wine_bottle/_chunked/filename,freesound
unscrewing_a_wine_bottle,winebottle.wav00000.wav,/home/ubuntu/data/wav/unscrewing_a_wine_bottle/_chunked/filename,freesound
unscrewing_a_wine_bottle,272052__ylearkisto__pullo-korkki-auki-viinipullo-wine-bottle-opening-with-a-corkscrew-genuine-cork-twisting-creak-squeak-pop-various-versions.wav00006.wav,/home/ubuntu/data/wav/unscrewing_a_wine_bottle/_chunked/filename,freesound
unscrewing_a_wine_bottle,272052__ylearkisto__pullo-korkki-auki-viinipullo-wine-bottle-opening-with-a-corkscrew-genuine-cork-twisting-creak-squeak-pop-various-versions.wav00007.wav,/home/ubuntu/data/wav/unscrewing_a_wine_bottle/_chunked/filename,freesound
swords,484298__giddster__drawing-sword-from-scabbard.wav00000.wav,/home/ubuntu/data/wav/swords/_chunked/filename,freesound
swords,654651__jayylls__sword.wav00000.wav,/home/ubuntu/data/wav/swords/_chunked/filename,freesound
swords,158150__timmy_h123__sword_draw_09.wav00000.wav,/home/ubuntu/data/wav/swords/_chunked/filename,freesound
swords,654651__jayylls__sword.wav00001.wav,/home/ubuntu/data/wav/swords/_chunked/filename,freesound
"Gunshot, gunfire",--aaILOrkII,/home/ubuntu/data/wav/AudioSet/train_wav/--aaILOrkII,audioset
Ambulance (siren),-4RWqM0UCCY,/home/ubuntu/data/wav/AudioSet/train_wav/-4RWqM0UCCY,audioset
Screaming,-GI5PbO6j50,/home/ubuntu/data/wav/AudioSet/train_wav/-GI5PbO6j50,audioset
Screaming,-QSNQGKiGT4,/home/ubuntu/data/wav/AudioSet/train_wav/-QSNQGKiGT4,audioset
"Gunshot, gunfire",-RAdrtCW1hI,/home/ubuntu/data/wav/AudioSet/train_wav/-RAdrtCW1hI,audioset
Ambulance (siren),-Y1qiiugnk8,/home/ubuntu/data/wav/AudioSet/train_wav/-Y1qiiugnk8,audioset
Ambulance (siren),-_dElQcyJnA,/home/ubuntu/data/wav/AudioSet/train_wav/-_dElQcyJnA,audioset
"Gunshot, gunfire",-cQV8iXK3pQ,/home/ubuntu/data/wav/AudioSet/train_wav/-cQV8iXK3pQ,audioset
"Gunshot, gunfire",-cWrzrfVdMQ,/home/ubuntu/data/wav/AudioSet/train_wav/-cWrzrfVdMQ,audioset
Ambulance (siren),-gKNRXbpAKs,/home/ubuntu/data/wav/AudioSet/train_wav/-gKNRXbpAKs,audioset
"Smash, crash",-yJk74Vfs2s,/home/ubuntu/data/wav/AudioSet/train_wav/-yJk74Vfs2s,audioset
"Crying, sobbing",03kFLTZguBs,/home/ubuntu/data/wav/AudioSet/train_wav/03kFLTZguBs,audioset
"Smash, crash",08U71rh7cDw,/home/ubuntu/data/wav/AudioSet/train_wav/08U71rh7cDw,audioset
Laughter,0Gj0gGPGlMA,/home/ubuntu/data/wav/AudioSet/train_wav/0Gj0gGPGlMA,audioset
"Gunshot, gunfire",0HDoqcA727o,/home/ubuntu/data/wav/AudioSet/train_wav/0HDoqcA727o,audioset
"Smash, crash",0VeuAMr9goQ,/home/ubuntu/data/wav/AudioSet/train_wav/0VeuAMr9goQ,audioset
"Smash, crash",0exkCi_xJDM,/home/ubuntu/data/wav/AudioSet/train_wav/0exkCi_xJDM,audioset
Laughter,0yRn5wEopkQ,/home/ubuntu/data/wav/AudioSet/train_wav/0yRn5wEopkQ,audioset
"Gunshot, gunfire",1AlmsqlPdwM,/home/ubuntu/data/wav/AudioSet/train_wav/1AlmsqlPdwM,audioset
Explosion,1Co1uyI6Ulw,/home/ubuntu/data/wav/AudioSet/train_wav/1Co1uyI6Ulw,audioset
Laughter,1IxBagCJeZc,/home/ubuntu/data/wav/AudioSet/train_wav/1IxBagCJeZc,audioset
Explosion,1OHxLcGzhv0,/home/ubuntu/data/wav/AudioSet/train_wav/1OHxLcGzhv0,audioset
"Smash, crash",1OJGboLx4KI,/home/ubuntu/data/wav/AudioSet/train_wav/1OJGboLx4KI,audioset
"Smash, crash",207DZ-rawjI,/home/ubuntu/data/wav/AudioSet/train_wav/207DZ-rawjI,audioset
Explosion,2Gu16Qh4EHw,/home/ubuntu/data/wav/AudioSet/train_wav/2Gu16Qh4EHw,audioset
Explosion,2LZ0q78OWZE,/home/ubuntu/data/wav/AudioSet/train_wav/2LZ0q78OWZE,audioset
Screaming,2NznKe2WaOc,/home/ubuntu/data/wav/AudioSet/train_wav/2NznKe2WaOc,audioset
"Smash, crash",2OEm9kmVgIc,/home/ubuntu/data/wav/AudioSet/train_wav/2OEm9kmVgIc,audioset
Ambulance (siren),2Pq9c0tFt1g,/home/ubuntu/data/wav/AudioSet/train_wav/2Pq9c0tFt1g,audioset
Screaming,2V56kbDXe4o,/home/ubuntu/data/wav/AudioSet/train_wav/2V56kbDXe4o,audioset
Laughter,2VqKshkkHLU,/home/ubuntu/data/wav/AudioSet/train_wav/2VqKshkkHLU,audioset
"Gunshot, gunfire",2aCeBLWVL68,/home/ubuntu/data/wav/AudioSet/train_wav/2aCeBLWVL68,audioset
"Gunshot, gunfire",2jFE-MKRmPw,/home/ubuntu/data/wav/AudioSet/train_wav/2jFE-MKRmPw,audioset
"Crying, sobbing",38OjpkpMB0Q,/home/ubuntu/data/wav/AudioSet/train_wav/38OjpkpMB0Q,audioset
Screaming,3ERj8It26dk,/home/ubuntu/data/wav/AudioSet/train_wav/3ERj8It26dk,audioset
Laughter,3Hgp61hK6HY,/home/ubuntu/data/wav/AudioSet/train_wav/3Hgp61hK6HY,audioset
"Smash, crash",3Pw1UqBFGvY,/home/ubuntu/data/wav/AudioSet/train_wav/3Pw1UqBFGvY,audioset
"Gunshot, gunfire",3ZUHhSbQkGw,/home/ubuntu/data/wav/AudioSet/train_wav/3ZUHhSbQkGw,audioset
Laughter,3dh5bfCN4Hs,/home/ubuntu/data/wav/AudioSet/train_wav/3dh5bfCN4Hs,audioset
"Gunshot, gunfire",3eGOQOcKkAE,/home/ubuntu/data/wav/AudioSet/train_wav/3eGOQOcKkAE,audioset
Laughter,3fDjNipMPEQ,/home/ubuntu/data/wav/AudioSet/train_wav/3fDjNipMPEQ,audioset
"Gunshot, gunfire",3oF7NLTzoxc,/home/ubuntu/data/wav/AudioSet/train_wav/3oF7NLTzoxc,audioset
Screaming,3sYPuktlyDY,/home/ubuntu/data/wav/AudioSet/train_wav/3sYPuktlyDY,audioset
"Gunshot, gunfire",49kPjptbt38,/home/ubuntu/data/wav/AudioSet/train_wav/49kPjptbt38,audioset
Ambulance (siren),4APBvMmKubU,/home/ubuntu/data/wav/AudioSet/train_wav/4APBvMmKubU,audioset
"Gunshot, gunfire",4JnYkujJGRA,/home/ubuntu/data/wav/AudioSet/train_wav/4JnYkujJGRA,audioset
"Smash, crash",4LPBEUtOWPQ,/home/ubuntu/data/wav/AudioSet/train_wav/4LPBEUtOWPQ,audioset
"Gunshot, gunfire",4TQzd0lB8IQ,/home/ubuntu/data/wav/AudioSet/train_wav/4TQzd0lB8IQ,audioset
Laughter,4aAYwdY_r_8,/home/ubuntu/data/wav/AudioSet/train_wav/4aAYwdY_r_8,audioset
Laughter,4g3Qdd8RvTM,/home/ubuntu/data/wav/AudioSet/train_wav/4g3Qdd8RvTM,audioset
"Gunshot, gunfire",4hwwaJQV7Go,/home/ubuntu/data/wav/AudioSet/train_wav/4hwwaJQV7Go,audioset
Ambulance (siren),4lflH2Jvm8k,/home/ubuntu/data/wav/AudioSet/train_wav/4lflH2Jvm8k,audioset
"Smash, crash",4uv9ZR06R4Y,/home/ubuntu/data/wav/AudioSet/train_wav/4uv9ZR06R4Y,audioset
Ambulance (siren),4yub23Xuzos,/home/ubuntu/data/wav/AudioSet/train_wav/4yub23Xuzos,audioset
Explosion,54EJiYdS03s,/home/ubuntu/data/wav/AudioSet/train_wav/54EJiYdS03s,audioset
"Smash, crash",56qNZpiwRPw,/home/ubuntu/data/wav/AudioSet/train_wav/56qNZpiwRPw,audioset
"Smash, crash",5YcIJuYQECc,/home/ubuntu/data/wav/AudioSet/train_wav/5YcIJuYQECc,audioset
Laughter,5klZXwLl8fY,/home/ubuntu/data/wav/AudioSet/train_wav/5klZXwLl8fY,audioset
"Smash, crash",5mzOpJOd1aE,/home/ubuntu/data/wav/AudioSet/train_wav/5mzOpJOd1aE,audioset
Ambulance (siren),61ZirC2IlLg,/home/ubuntu/data/wav/AudioSet/train_wav/61ZirC2IlLg,audioset
"Smash, crash",63GTFc5Okms,/home/ubuntu/data/wav/AudioSet/train_wav/63GTFc5Okms,audioset
Ambulance (siren),6F3YIb0Uw4I,/home/ubuntu/data/wav/AudioSet/train_wav/6F3YIb0Uw4I,audioset
Explosion,6O4Zpv-cAXY,/home/ubuntu/data/wav/AudioSet/train_wav/6O4Zpv-cAXY,audioset
Ambulance (siren),6dhpe65QOcc,/home/ubuntu/data/wav/AudioSet/train_wav/6dhpe65QOcc,audioset
"Crying, sobbing",6fVpEKC5JkY,/home/ubuntu/data/wav/AudioSet/train_wav/6fVpEKC5JkY,audioset
Explosion,6j76kSyiOCA,/home/ubuntu/data/wav/AudioSet/train_wav/6j76kSyiOCA,audioset
"Gunshot, gunfire",6j_0JxixrG8,/home/ubuntu/data/wav/AudioSet/train_wav/6j_0JxixrG8,audioset
"Gunshot, gunfire",6kguB8XWB64,/home/ubuntu/data/wav/AudioSet/train_wav/6kguB8XWB64,audioset
"Smash, crash",6oi1zGOIo7I,/home/ubuntu/data/wav/AudioSet/train_wav/6oi1zGOIo7I,audioset
Laughter,6sy6SC3XuMU,/home/ubuntu/data/wav/AudioSet/train_wav/6sy6SC3XuMU,audioset
Laughter,70Y4dls8VVg,/home/ubuntu/data/wav/AudioSet/train_wav/70Y4dls8VVg,audioset
Explosion,76pXCH-hvb4,/home/ubuntu/data/wav/AudioSet/train_wav/76pXCH-hvb4,audioset
"Gunshot, gunfire",7Bfg94jYDVI,/home/ubuntu/data/wav/AudioSet/train_wav/7Bfg94jYDVI,audioset
Explosion,7Leh-jVFjjg,/home/ubuntu/data/wav/AudioSet/train_wav/7Leh-jVFjjg,audioset
Laughter,7ZX-x-fNw3w,/home/ubuntu/data/wav/AudioSet/train_wav/7ZX-x-fNw3w,audioset
"Gunshot, gunfire",7gZqP4-Y0Cw,/home/ubuntu/data/wav/AudioSet/train_wav/7gZqP4-Y0Cw,audioset
"Crying, sobbing",7lI4Z6_twLg,/home/ubuntu/data/wav/AudioSet/train_wav/7lI4Z6_twLg,audioset
"Gunshot, gunfire",7sU0jAHPJG0,/home/ubuntu/data/wav/AudioSet/train_wav/7sU0jAHPJG0,audioset
Laughter,7tXt-i8NpOI,/home/ubuntu/data/wav/AudioSet/train_wav/7tXt-i8NpOI,audioset
"Gunshot, gunfire",8PgDC2GUx9k,/home/ubuntu/data/wav/AudioSet/train_wav/8PgDC2GUx9k,audioset
Laughter,8TkXXqFWNWQ,/home/ubuntu/data/wav/AudioSet/train_wav/8TkXXqFWNWQ,audioset
Explosion,8a2OeWS3G-A,/home/ubuntu/data/wav/AudioSet/train_wav/8a2OeWS3G-A,audioset
Explosion,8oa7QzW-IBc,/home/ubuntu/data/wav/AudioSet/train_wav/8oa7QzW-IBc,audioset
Screaming,8rZEOvULYzo,/home/ubuntu/data/wav/AudioSet/train_wav/8rZEOvULYzo,audioset
Laughter,95MSkigqNQE,/home/ubuntu/data/wav/AudioSet/train_wav/95MSkigqNQE,audioset
"Gunshot, gunfire",9MVCwolWlLE,/home/ubuntu/data/wav/AudioSet/train_wav/9MVCwolWlLE,audioset
"Crying, sobbing",9T2ArE50xW4,/home/ubuntu/data/wav/AudioSet/train_wav/9T2ArE50xW4,audioset
Screaming,9ZBR-dTCPrg,/home/ubuntu/data/wav/AudioSet/train_wav/9ZBR-dTCPrg,audioset
Explosion,9kjfu8TUTYk,/home/ubuntu/data/wav/AudioSet/train_wav/9kjfu8TUTYk,audioset
Explosion,9nYeNrZ4EPY,/home/ubuntu/data/wav/AudioSet/train_wav/9nYeNrZ4EPY,audioset
"Gunshot, gunfire",9ww0jrYLgZ8,/home/ubuntu/data/wav/AudioSet/train_wav/9ww0jrYLgZ8,audioset
Explosion,AIthc77KW8w,/home/ubuntu/data/wav/AudioSet/train_wav/AIthc77KW8w,audioset
Ambulance (siren),ATbEwmTJwD0,/home/ubuntu/data/wav/AudioSet/train_wav/ATbEwmTJwD0,audioset
Ambulance (siren),AV76SZTw6z8,/home/ubuntu/data/wav/AudioSet/train_wav/AV76SZTw6z8,audioset
"Gunshot, gunfire",Ab51oVS98Qo,/home/ubuntu/data/wav/AudioSet/train_wav/Ab51oVS98Qo,audioset
"Smash, crash",Abq_eNnRaXc,/home/ubuntu/data/wav/AudioSet/train_wav/Abq_eNnRaXc,audioset
"Gunshot, gunfire",AgLm7rSg5JA,/home/ubuntu/data/wav/AudioSet/train_wav/AgLm7rSg5JA,audioset
Screaming,Akx3uwhohmU,/home/ubuntu/data/wav/AudioSet/train_wav/Akx3uwhohmU,audioset
"Crying, sobbing",Ap4nvdEotqw,/home/ubuntu/data/wav/AudioSet/train_wav/Ap4nvdEotqw,audioset
"Gunshot, gunfire",Au5NjQaR_T0,/home/ubuntu/data/wav/AudioSet/train_wav/Au5NjQaR_T0,audioset
"Smash, crash",B4b7BVwW4eI,/home/ubuntu/data/wav/AudioSet/train_wav/B4b7BVwW4eI,audioset
Explosion,B9ZQcIBD4rA,/home/ubuntu/data/wav/AudioSet/train_wav/B9ZQcIBD4rA,audioset
Ambulance (siren),BAB5U7kCOH0,/home/ubuntu/data/wav/AudioSet/train_wav/BAB5U7kCOH0,audioset
"Gunshot, gunfire",BQWXKuFYuro,/home/ubuntu/data/wav/AudioSet/train_wav/BQWXKuFYuro,audioset
Explosion,BRYojKzC-xY,/home/ubuntu/data/wav/AudioSet/train_wav/BRYojKzC-xY,audioset
"Gunshot, gunfire",BSPjTGVP1I4,/home/ubuntu/data/wav/AudioSet/train_wav/BSPjTGVP1I4,audioset
Laughter,BYk9vYAh-kM,/home/ubuntu/data/wav/AudioSet/train_wav/BYk9vYAh-kM,audioset
Laughter,Beg79kXQBRo,/home/ubuntu/data/wav/AudioSet/train_wav/Beg79kXQBRo,audioset
Screaming,Bkq1PAyGuZY,/home/ubuntu/data/wav/AudioSet/train_wav/Bkq1PAyGuZY,audioset
"Gunshot, gunfire",BtN6AvD1FyA,/home/ubuntu/data/wav/AudioSet/train_wav/BtN6AvD1FyA,audioset
Laughter,BxfBMFT1CHA,/home/ubuntu/data/wav/AudioSet/train_wav/BxfBMFT1CHA,audioset
Laughter,C223Ktqjrmw,/home/ubuntu/data/wav/AudioSet/train_wav/C223Ktqjrmw,audioset
Explosion,C72bv2YhZ6A,/home/ubuntu/data/wav/AudioSet/train_wav/C72bv2YhZ6A,audioset
Explosion,CCHRD-G9sfA,/home/ubuntu/data/wav/AudioSet/train_wav/CCHRD-G9sfA,audioset
Ambulance (siren),CL9m1ci5q6o,/home/ubuntu/data/wav/AudioSet/train_wav/CL9m1ci5q6o,audioset
Explosion,CNETKbKHhwc,/home/ubuntu/data/wav/AudioSet/train_wav/CNETKbKHhwc,audioset
"Gunshot, gunfire",CNURVtAOhRE,/home/ubuntu/data/wav/AudioSet/train_wav/CNURVtAOhRE,audioset
"Gunshot, gunfire",COe52lCaNPk,/home/ubuntu/data/wav/AudioSet/train_wav/COe52lCaNPk,audioset
Laughter,C_mHhn4eT10,/home/ubuntu/data/wav/AudioSet/train_wav/C_mHhn4eT10,audioset
Screaming,CeIiAEQTbhY,/home/ubuntu/data/wav/AudioSet/train_wav/CeIiAEQTbhY,audioset
"Gunshot, gunfire",CelxGPZvoyw,/home/ubuntu/data/wav/AudioSet/train_wav/CelxGPZvoyw,audioset
"Gunshot, gunfire",CoKZ3cdGDBs,/home/ubuntu/data/wav/AudioSet/train_wav/CoKZ3cdGDBs,audioset
Laughter,CrWiG7dvZIg,/home/ubuntu/data/wav/AudioSet/train_wav/CrWiG7dvZIg,audioset
Ambulance (siren),CvHu8TxyXXQ,/home/ubuntu/data/wav/AudioSet/train_wav/CvHu8TxyXXQ,audioset
Explosion,Cwt3ChZeJT0,/home/ubuntu/data/wav/AudioSet/train_wav/Cwt3ChZeJT0,audioset
Laughter,Cx9QFH9OzuI,/home/ubuntu/data/wav/AudioSet/train_wav/Cx9QFH9OzuI,audioset
Screaming,Czmb6tEwFE8,/home/ubuntu/data/wav/AudioSet/train_wav/Czmb6tEwFE8,audioset
Ambulance (siren),D0MtSXYS1kY,/home/ubuntu/data/wav/AudioSet/train_wav/D0MtSXYS1kY,audioset
Screaming,D4GhIt5THAI,/home/ubuntu/data/wav/AudioSet/train_wav/D4GhIt5THAI,audioset
"Crying, sobbing",D6iYxYBfIOg,/home/ubuntu/data/wav/AudioSet/train_wav/D6iYxYBfIOg,audioset
Screaming,D6thZbNv148,/home/ubuntu/data/wav/AudioSet/train_wav/D6thZbNv148,audioset
"Gunshot, gunfire",DUvF0NeTxPs,/home/ubuntu/data/wav/AudioSet/train_wav/DUvF0NeTxPs,audioset
Screaming,DaMvU_MSjoo,/home/ubuntu/data/wav/AudioSet/train_wav/DaMvU_MSjoo,audioset
"Gunshot, gunfire",DoRebW9poXU,/home/ubuntu/data/wav/AudioSet/train_wav/DoRebW9poXU,audioset
"Crying, sobbing",Dx9Mh8_fpD8,/home/ubuntu/data/wav/AudioSet/train_wav/Dx9Mh8_fpD8,audioset
Laughter,DxoK01Swurg,/home/ubuntu/data/wav/AudioSet/train_wav/DxoK01Swurg,audioset
"Gunshot, gunfire",EJucDkHyC_U,/home/ubuntu/data/wav/AudioSet/train_wav/EJucDkHyC_U,audioset
Explosion,Ea6wuY5zHDc,/home/ubuntu/data/wav/AudioSet/train_wav/Ea6wuY5zHDc,audioset
Laughter,EduyXGoXoB4,/home/ubuntu/data/wav/AudioSet/train_wav/EduyXGoXoB4,audioset
Explosion,EfzNaAVrqFk,/home/ubuntu/data/wav/AudioSet/train_wav/EfzNaAVrqFk,audioset
"Gunshot, gunfire",Emw8Ax5g3i8,/home/ubuntu/data/wav/AudioSet/train_wav/Emw8Ax5g3i8,audioset
Laughter,EsiR1ZbHetU,/home/ubuntu/data/wav/AudioSet/train_wav/EsiR1ZbHetU,audioset
Ambulance (siren),F0LSs8MZN4w,/home/ubuntu/data/wav/AudioSet/train_wav/F0LSs8MZN4w,audioset
Ambulance (siren),F6l3MRb__G0,/home/ubuntu/data/wav/AudioSet/train_wav/F6l3MRb__G0,audioset
"Gunshot, gunfire",F7eX5VXbvNo,/home/ubuntu/data/wav/AudioSet/train_wav/F7eX5VXbvNo,audioset
"Gunshot, gunfire",FN7VIGq04qE,/home/ubuntu/data/wav/AudioSet/train_wav/FN7VIGq04qE,audioset
Screaming,FaYQcP0hKmU,/home/ubuntu/data/wav/AudioSet/train_wav/FaYQcP0hKmU,audioset
"Smash, crash",FbzG3GRUdxg,/home/ubuntu/data/wav/AudioSet/train_wav/FbzG3GRUdxg,audioset
"Gunshot, gunfire",FnkVyKnukpE,/home/ubuntu/data/wav/AudioSet/train_wav/FnkVyKnukpE,audioset
"Gunshot, gunfire",Fzwa_LIMH2E,/home/ubuntu/data/wav/AudioSet/train_wav/Fzwa_LIMH2E,audioset
Laughter,G3SFVKf_jNk,/home/ubuntu/data/wav/AudioSet/train_wav/G3SFVKf_jNk,audioset
"Gunshot, gunfire",G8l2fpUPWro,/home/ubuntu/data/wav/AudioSet/train_wav/G8l2fpUPWro,audioset
"Gunshot, gunfire",G9M3de5mISY,/home/ubuntu/data/wav/AudioSet/train_wav/G9M3de5mISY,audioset
"Smash, crash",GFBV97rw4S0,/home/ubuntu/data/wav/AudioSet/train_wav/GFBV97rw4S0,audioset
"Gunshot, gunfire",GJd9qaGm92I,/home/ubuntu/data/wav/AudioSet/train_wav/GJd9qaGm92I,audioset
"Gunshot, gunfire",GM9C0VWmLpI,/home/ubuntu/data/wav/AudioSet/train_wav/GM9C0VWmLpI,audioset
Explosion,GXJg8cnsP1k,/home/ubuntu/data/wav/AudioSet/train_wav/GXJg8cnsP1k,audioset
"Gunshot, gunfire",GYOHFaVFp3o,/home/ubuntu/data/wav/AudioSet/train_wav/GYOHFaVFp3o,audioset
"Crying, sobbing",G_TrD7F1FXc,/home/ubuntu/data/wav/AudioSet/train_wav/G_TrD7F1FXc,audioset
"Crying, sobbing",GdXtn6Ei6Kw,/home/ubuntu/data/wav/AudioSet/train_wav/GdXtn6Ei6Kw,audioset
Laughter,GvhlKpLarQQ,/home/ubuntu/data/wav/AudioSet/train_wav/GvhlKpLarQQ,audioset
"Smash, crash",H8TZIBcXgZg,/home/ubuntu/data/wav/AudioSet/train_wav/H8TZIBcXgZg,audioset
"Crying, sobbing",H9D844BXDyM,/home/ubuntu/data/wav/AudioSet/train_wav/H9D844BXDyM,audioset
Ambulance (siren),HDDxzqEUy74,/home/ubuntu/data/wav/AudioSet/train_wav/HDDxzqEUy74,audioset
Ambulance (siren),HDtWg47wzGg,/home/ubuntu/data/wav/AudioSet/train_wav/HDtWg47wzGg,audioset
"Crying, sobbing",HMK0GI0QxPY,/home/ubuntu/data/wav/AudioSet/train_wav/HMK0GI0QxPY,audioset
"Gunshot, gunfire",H_iDWJ7gbIU,/home/ubuntu/data/wav/AudioSet/train_wav/H_iDWJ7gbIU,audioset
"Gunshot, gunfire",Hn7kIz6Z0ZI,/home/ubuntu/data/wav/AudioSet/train_wav/Hn7kIz6Z0ZI,audioset
Screaming,Ht_IiMEbMJk,/home/ubuntu/data/wav/AudioSet/train_wav/Ht_IiMEbMJk,audioset
Explosion,I515SEYGbIw,/home/ubuntu/data/wav/AudioSet/train_wav/I515SEYGbIw,audioset
"Smash, crash",I6YKcQ_j2W0,/home/ubuntu/data/wav/AudioSet/train_wav/I6YKcQ_j2W0,audioset
Explosion,II-fcvc57Jk,/home/ubuntu/data/wav/AudioSet/train_wav/II-fcvc57Jk,audioset
"Gunshot, gunfire",IR_ks3y_UTA,/home/ubuntu/data/wav/AudioSet/train_wav/IR_ks3y_UTA,audioset
"Smash, crash",IURPWxQBWjE,/home/ubuntu/data/wav/AudioSet/train_wav/IURPWxQBWjE,audioset
Ambulance (siren),IcPca0d-14o,/home/ubuntu/data/wav/AudioSet/train_wav/IcPca0d-14o,audioset
"Crying, sobbing",IlcfrqcH7tE,/home/ubuntu/data/wav/AudioSet/train_wav/IlcfrqcH7tE,audioset
"Gunshot, gunfire",IroOVamQZHQ,/home/ubuntu/data/wav/AudioSet/train_wav/IroOVamQZHQ,audioset
"Smash, crash",JHG3db-oFwc,/home/ubuntu/data/wav/AudioSet/train_wav/JHG3db-oFwc,audioset
Explosion,JVGj7Bt6Gpg,/home/ubuntu/data/wav/AudioSet/train_wav/JVGj7Bt6Gpg,audioset
"Gunshot, gunfire",JfQZeAIHg3s,/home/ubuntu/data/wav/AudioSet/train_wav/JfQZeAIHg3s,audioset
"Gunshot, gunfire",Jk2B7Mvh6cE,/home/ubuntu/data/wav/AudioSet/train_wav/Jk2B7Mvh6cE,audioset
"Gunshot, gunfire",JxzClm8xuDc,/home/ubuntu/data/wav/AudioSet/train_wav/JxzClm8xuDc,audioset
"Gunshot, gunfire",K0op6i9ydnM,/home/ubuntu/data/wav/AudioSet/train_wav/K0op6i9ydnM,audioset
Explosion,KH_Cw66-97Q,/home/ubuntu/data/wav/AudioSet/train_wav/KH_Cw66-97Q,audioset
Explosion,KOePTJ9eSkQ,/home/ubuntu/data/wav/AudioSet/train_wav/KOePTJ9eSkQ,audioset
"Gunshot, gunfire",KRxPSEBGUi4,/home/ubuntu/data/wav/AudioSet/train_wav/KRxPSEBGUi4,audioset
Laughter,KqXrJTJ3Mrs,/home/ubuntu/data/wav/AudioSet/train_wav/KqXrJTJ3Mrs,audioset
Screaming,LJ8BY521EoI,/home/ubuntu/data/wav/AudioSet/train_wav/LJ8BY521EoI,audioset
Explosion,LT5mUSYUzHg,/home/ubuntu/data/wav/AudioSet/train_wav/LT5mUSYUzHg,audioset
"Crying, sobbing",Lb5IVzP90pk,/home/ubuntu/data/wav/AudioSet/train_wav/Lb5IVzP90pk,audioset
"Gunshot, gunfire",Lx6xaU2Ti7s,/home/ubuntu/data/wav/AudioSet/train_wav/Lx6xaU2Ti7s,audioset
"Gunshot, gunfire",M1xMhk1lCr4,/home/ubuntu/data/wav/AudioSet/train_wav/M1xMhk1lCr4,audioset
"Smash, crash",M6a_pSANQRA,/home/ubuntu/data/wav/AudioSet/train_wav/M6a_pSANQRA,audioset
Laughter,MWz9Ge6ol54,/home/ubuntu/data/wav/AudioSet/train_wav/MWz9Ge6ol54,audioset
"Smash, crash",MgjgQJGmymk,/home/ubuntu/data/wav/AudioSet/train_wav/MgjgQJGmymk,audioset
Ambulance (siren),MvvZ2akuEKU,/home/ubuntu/data/wav/AudioSet/train_wav/MvvZ2akuEKU,audioset
Laughter,NOhxxfWz-VU,/home/ubuntu/data/wav/AudioSet/train_wav/NOhxxfWz-VU,audioset
Explosion,NQnH_JzTxaY,/home/ubuntu/data/wav/AudioSet/train_wav/NQnH_JzTxaY,audioset
"Crying, sobbing",NTg4toxmcN4,/home/ubuntu/data/wav/AudioSet/train_wav/NTg4toxmcN4,audioset
Ambulance (siren),NUJuiMKbyhc,/home/ubuntu/data/wav/AudioSet/train_wav/NUJuiMKbyhc,audioset
Ambulance (siren),NuZqqcO2_Ok,/home/ubuntu/data/wav/AudioSet/train_wav/NuZqqcO2_Ok,audioset
"Smash, crash",O-goFCyqDpo,/home/ubuntu/data/wav/AudioSet/train_wav/O-goFCyqDpo,audioset
"Smash, crash",ODuHtSYmBbY,/home/ubuntu/data/wav/AudioSet/train_wav/ODuHtSYmBbY,audioset
"Gunshot, gunfire",OKB62QAF5U8,/home/ubuntu/data/wav/AudioSet/train_wav/OKB62QAF5U8,audioset
Laughter,ORbg5kc4Xyg,/home/ubuntu/data/wav/AudioSet/train_wav/ORbg5kc4Xyg,audioset
"Smash, crash",OWs5lKqS_Bs,/home/ubuntu/data/wav/AudioSet/train_wav/OWs5lKqS_Bs,audioset
Ambulance (siren),OY6OMbGAovE,/home/ubuntu/data/wav/AudioSet/train_wav/OY6OMbGAovE,audioset
"Gunshot, gunfire",O_FDe2fRpDM,/home/ubuntu/data/wav/AudioSet/train_wav/O_FDe2fRpDM,audioset
"Crying, sobbing",OhKMWfVT06E,/home/ubuntu/data/wav/AudioSet/train_wav/OhKMWfVT06E,audioset
"Smash, crash",PF6JSkEm3R8,/home/ubuntu/data/wav/AudioSet/train_wav/PF6JSkEm3R8,audioset
Ambulance (siren),Pn-iPvAD7aA,/home/ubuntu/data/wav/AudioSet/train_wav/Pn-iPvAD7aA,audioset
"Gunshot, gunfire",PwyVufxwAos,/home/ubuntu/data/wav/AudioSet/train_wav/PwyVufxwAos,audioset
Ambulance (siren),Py4g6GeGHjQ,/home/ubuntu/data/wav/AudioSet/train_wav/Py4g6GeGHjQ,audioset
"Gunshot, gunfire",PyxzFVgz70M,/home/ubuntu/data/wav/AudioSet/train_wav/PyxzFVgz70M,audioset
Screaming,QBYtl0RfPIA,/home/ubuntu/data/wav/AudioSet/train_wav/QBYtl0RfPIA,audioset
"Gunshot, gunfire",QDRXDpVbjck,/home/ubuntu/data/wav/AudioSet/train_wav/QDRXDpVbjck,audioset
Screaming,QFTcdU-BDg8,/home/ubuntu/data/wav/AudioSet/train_wav/QFTcdU-BDg8,audioset
"Gunshot, gunfire",QH3RIg1ypDg,/home/ubuntu/data/wav/AudioSet/train_wav/QH3RIg1ypDg,audioset
Ambulance (siren),QO5mHY6Y5h4,/home/ubuntu/data/wav/AudioSet/train_wav/QO5mHY6Y5h4,audioset
Screaming,QT02wb27wCA,/home/ubuntu/data/wav/AudioSet/train_wav/QT02wb27wCA,audioset
"Gunshot, gunfire",QbY5RyLsWVM,/home/ubuntu/data/wav/AudioSet/train_wav/QbY5RyLsWVM,audioset
Explosion,QdBf5MKpT2o,/home/ubuntu/data/wav/AudioSet/train_wav/QdBf5MKpT2o,audioset
Laughter,Qg7U2fFyFVI,/home/ubuntu/data/wav/AudioSet/train_wav/Qg7U2fFyFVI,audioset
"Smash, crash",QgspzZcZnxI,/home/ubuntu/data/wav/AudioSet/train_wav/QgspzZcZnxI,audioset
Explosion,QkbHH6LQkr4,/home/ubuntu/data/wav/AudioSet/train_wav/QkbHH6LQkr4,audioset
"Gunshot, gunfire",QrvCNyQn3HU,/home/ubuntu/data/wav/AudioSet/train_wav/QrvCNyQn3HU,audioset
Laughter,R2Q_2mTrZr4,/home/ubuntu/data/wav/AudioSet/train_wav/R2Q_2mTrZr4,audioset
"Gunshot, gunfire",RCEBJCXKcWA,/home/ubuntu/data/wav/AudioSet/train_wav/RCEBJCXKcWA,audioset
"Smash, crash",RL0UbJ3R8Qw,/home/ubuntu/data/wav/AudioSet/train_wav/RL0UbJ3R8Qw,audioset
"Gunshot, gunfire",ROCrWXwzNOk,/home/ubuntu/data/wav/AudioSet/train_wav/ROCrWXwzNOk,audioset
Ambulance (siren),RQeDG6hDGl0,/home/ubuntu/data/wav/AudioSet/train_wav/RQeDG6hDGl0,audioset
"Smash, crash",RVvt4w_fPV0,/home/ubuntu/data/wav/AudioSet/train_wav/RVvt4w_fPV0,audioset
Ambulance (siren),RZIVGgQzUJU,/home/ubuntu/data/wav/AudioSet/train_wav/RZIVGgQzUJU,audioset
"Crying, sobbing",RZgn6kfaJP8,/home/ubuntu/data/wav/AudioSet/train_wav/RZgn6kfaJP8,audioset
"Gunshot, gunfire",RdQWZQqJuqo,/home/ubuntu/data/wav/AudioSet/train_wav/RdQWZQqJuqo,audioset
"Gunshot, gunfire",ReXtuIyu9ls,/home/ubuntu/data/wav/AudioSet/train_wav/ReXtuIyu9ls,audioset
"Gunshot, gunfire",RhZ8pOgF4D0,/home/ubuntu/data/wav/AudioSet/train_wav/RhZ8pOgF4D0,audioset
Ambulance (siren),Rtel5iGCPO8,/home/ubuntu/data/wav/AudioSet/train_wav/Rtel5iGCPO8,audioset
Laughter,SBqPv8J81bQ,/home/ubuntu/data/wav/AudioSet/train_wav/SBqPv8J81bQ,audioset
"Gunshot, gunfire",SNH0ywrOEvQ,/home/ubuntu/data/wav/AudioSet/train_wav/SNH0ywrOEvQ,audioset
Laughter,SRnppAZ90fY,/home/ubuntu/data/wav/AudioSet/train_wav/SRnppAZ90fY,audioset
Laughter,SXJg7njeocc,/home/ubuntu/data/wav/AudioSet/train_wav/SXJg7njeocc,audioset
Ambulance (siren),SXQF06ZPEi8,/home/ubuntu/data/wav/AudioSet/train_wav/SXQF06ZPEi8,audioset
Explosion,Sr4ufSj2Nq8,/home/ubuntu/data/wav/AudioSet/train_wav/Sr4ufSj2Nq8,audioset
"Smash, crash",Sw5kOYVwjFQ,/home/ubuntu/data/wav/AudioSet/train_wav/Sw5kOYVwjFQ,audioset
Screaming,TAl6LU38u8M,/home/ubuntu/data/wav/AudioSet/train_wav/TAl6LU38u8M,audioset
Explosion,TdDBJR2XKTA,/home/ubuntu/data/wav/AudioSet/train_wav/TdDBJR2XKTA,audioset
"Crying, sobbing",U8Pr56qG90o,/home/ubuntu/data/wav/AudioSet/train_wav/U8Pr56qG90o,audioset
"Gunshot, gunfire",UFAGCTDB7EY,/home/ubuntu/data/wav/AudioSet/train_wav/UFAGCTDB7EY,audioset
"Gunshot, gunfire",UN84r_4GTdQ,/home/ubuntu/data/wav/AudioSet/train_wav/UN84r_4GTdQ,audioset
Ambulance (siren),UNERF2UwHXk,/home/ubuntu/data/wav/AudioSet/train_wav/UNERF2UwHXk,audioset
Screaming,UdY8WXNiuzw,/home/ubuntu/data/wav/AudioSet/train_wav/UdY8WXNiuzw,audioset
Explosion,Uj266NF1mUk,/home/ubuntu/data/wav/AudioSet/train_wav/Uj266NF1mUk,audioset
Explosion,UmOOGxXbEuc,/home/ubuntu/data/wav/AudioSet/train_wav/UmOOGxXbEuc,audioset
"Gunshot, gunfire",V95di2o3rRg,/home/ubuntu/data/wav/AudioSet/train_wav/V95di2o3rRg,audioset
Laughter,Vp0r-jlMlW8,/home/ubuntu/data/wav/AudioSet/train_wav/Vp0r-jlMlW8,audioset
Screaming,VxuMKb5CKI0,/home/ubuntu/data/wav/AudioSet/train_wav/VxuMKb5CKI0,audioset
Screaming,W4R_63_UxSw,/home/ubuntu/data/wav/AudioSet/train_wav/W4R_63_UxSw,audioset
"Gunshot, gunfire",W6GWAWBuJFo,/home/ubuntu/data/wav/AudioSet/train_wav/W6GWAWBuJFo,audioset
"Gunshot, gunfire",W7feeDJ8iNk,/home/ubuntu/data/wav/AudioSet/train_wav/W7feeDJ8iNk,audioset
"Gunshot, gunfire",W8WFs-QDZnc,/home/ubuntu/data/wav/AudioSet/train_wav/W8WFs-QDZnc,audioset
"Gunshot, gunfire",WA49Qjw52lg,/home/ubuntu/data/wav/AudioSet/train_wav/WA49Qjw52lg,audioset
Screaming,WLjjbOBFt8g,/home/ubuntu/data/wav/AudioSet/train_wav/WLjjbOBFt8g,audioset
"Crying, sobbing",WNueW-3FF6g,/home/ubuntu/data/wav/AudioSet/train_wav/WNueW-3FF6g,audioset
Ambulance (siren),WQWUEZtm8Jw,/home/ubuntu/data/wav/AudioSet/train_wav/WQWUEZtm8Jw,audioset
Laughter,WT4kmbYODYc,/home/ubuntu/data/wav/AudioSet/train_wav/WT4kmbYODYc,audioset
"Gunshot, gunfire",WoBYgyQqQKk,/home/ubuntu/data/wav/AudioSet/train_wav/WoBYgyQqQKk,audioset
Screaming,X4jIkctapb8,/home/ubuntu/data/wav/AudioSet/train_wav/X4jIkctapb8,audioset
"Gunshot, gunfire",XREr4wTwG04,/home/ubuntu/data/wav/AudioSet/train_wav/XREr4wTwG04,audioset
"Gunshot, gunfire",XVJvCtE1hEU,/home/ubuntu/data/wav/AudioSet/train_wav/XVJvCtE1hEU,audioset
Laughter,XVp7GFJgnMI,/home/ubuntu/data/wav/AudioSet/train_wav/XVp7GFJgnMI,audioset
Ambulance (siren),XW1WkG6ADtQ,/home/ubuntu/data/wav/AudioSet/train_wav/XW1WkG6ADtQ,audioset
"Gunshot, gunfire",Xazsdjxx8lM,/home/ubuntu/data/wav/AudioSet/train_wav/Xazsdjxx8lM,audioset
"Gunshot, gunfire",Xoma_14dg08,/home/ubuntu/data/wav/AudioSet/train_wav/Xoma_14dg08,audioset
Laughter,Xxga0d9ZDuc,/home/ubuntu/data/wav/AudioSet/train_wav/Xxga0d9ZDuc,audioset
Laughter,Y9YhG2CFTz0,/home/ubuntu/data/wav/AudioSet/train_wav/Y9YhG2CFTz0,audioset
Ambulance (siren),Y9ys-Yx5_j0,/home/ubuntu/data/wav/AudioSet/train_wav/Y9ys-Yx5_j0,audioset
"Gunshot, gunfire",YHW0XmpLi2k,/home/ubuntu/data/wav/AudioSet/train_wav/YHW0XmpLi2k,audioset
Explosion,YMrF9YkALDE,/home/ubuntu/data/wav/AudioSet/train_wav/YMrF9YkALDE,audioset
"Crying, sobbing",YUhIbX0xn_E,/home/ubuntu/data/wav/AudioSet/train_wav/YUhIbX0xn_E,audioset
"Smash, crash",YUzyhL4gCvU,/home/ubuntu/data/wav/AudioSet/train_wav/YUzyhL4gCvU,audioset
"Crying, sobbing",Y_q2U2FAOdE,/home/ubuntu/data/wav/AudioSet/train_wav/Y_q2U2FAOdE,audioset
"Gunshot, gunfire",YqGivcrdNhw,/home/ubuntu/data/wav/AudioSet/train_wav/YqGivcrdNhw,audioset
"Gunshot, gunfire",YvOAduVZfJE,/home/ubuntu/data/wav/AudioSet/train_wav/YvOAduVZfJE,audioset
"Gunshot, gunfire",YwdNnzWmiGc,/home/ubuntu/data/wav/AudioSet/train_wav/YwdNnzWmiGc,audioset
Explosion,Yxt9ASRCnaE,/home/ubuntu/data/wav/AudioSet/train_wav/Yxt9ASRCnaE,audioset
"Crying, sobbing",Z5wu71zydKE,/home/ubuntu/data/wav/AudioSet/train_wav/Z5wu71zydKE,audioset
Ambulance (siren),ZCgE23s5bt0,/home/ubuntu/data/wav/AudioSet/train_wav/ZCgE23s5bt0,audioset
"Crying, sobbing",ZPGYIJphxpc,/home/ubuntu/data/wav/AudioSet/train_wav/ZPGYIJphxpc,audioset
Ambulance (siren),ZQnAtQmUhKQ,/home/ubuntu/data/wav/AudioSet/train_wav/ZQnAtQmUhKQ,audioset
Explosion,ZgaGheLPXys,/home/ubuntu/data/wav/AudioSet/train_wav/ZgaGheLPXys,audioset
"Gunshot, gunfire",ZhEV3H3mCAg,/home/ubuntu/data/wav/AudioSet/train_wav/ZhEV3H3mCAg,audioset
"Smash, crash",Zjcgd631S7k,/home/ubuntu/data/wav/AudioSet/train_wav/Zjcgd631S7k,audioset
Explosion,ZuF8hkiuDRQ,/home/ubuntu/data/wav/AudioSet/train_wav/ZuF8hkiuDRQ,audioset
"Gunshot, gunfire",_5x_-aTNCjU,/home/ubuntu/data/wav/AudioSet/train_wav/_5x_-aTNCjU,audioset
"Smash, crash",_8y0QVbTCSQ,/home/ubuntu/data/wav/AudioSet/train_wav/_8y0QVbTCSQ,audioset
Laughter,_U5mrQqyD18,/home/ubuntu/data/wav/AudioSet/train_wav/_U5mrQqyD18,audioset
Explosion,_VKNhUxcvUw,/home/ubuntu/data/wav/AudioSet/train_wav/_VKNhUxcvUw,audioset
Laughter,_cQe1A1xmd4,/home/ubuntu/data/wav/AudioSet/train_wav/_cQe1A1xmd4,audioset
Laughter,_eAZqi_DLpY,/home/ubuntu/data/wav/AudioSet/train_wav/_eAZqi_DLpY,audioset
Laughter,_iUC2AaJLMQ,/home/ubuntu/data/wav/AudioSet/train_wav/_iUC2AaJLMQ,audioset
"Crying, sobbing",_jvvL-pIFo0,/home/ubuntu/data/wav/AudioSet/train_wav/_jvvL-pIFo0,audioset
Laughter,_kOHgtIMOUc,/home/ubuntu/data/wav/AudioSet/train_wav/_kOHgtIMOUc,audioset
Ambulance (siren),_lkuZpt1Jt0,/home/ubuntu/data/wav/AudioSet/train_wav/_lkuZpt1Jt0,audioset
"Gunshot, gunfire",_pelJnqTReE,/home/ubuntu/data/wav/AudioSet/train_wav/_pelJnqTReE,audioset
"Gunshot, gunfire",_pgjMATDeSQ,/home/ubuntu/data/wav/AudioSet/train_wav/_pgjMATDeSQ,audioset
Explosion,_s9WXTeZccA,/home/ubuntu/data/wav/AudioSet/train_wav/_s9WXTeZccA,audioset
Laughter,_ud-sCXmue0,/home/ubuntu/data/wav/AudioSet/train_wav/_ud-sCXmue0,audioset
Screaming,a2ugthH2Urk,/home/ubuntu/data/wav/AudioSet/train_wav/a2ugthH2Urk,audioset
"Gunshot, gunfire",a4nkA0NL4Hw,/home/ubuntu/data/wav/AudioSet/train_wav/a4nkA0NL4Hw,audioset
"Gunshot, gunfire",aMxLy5s3y8k,/home/ubuntu/data/wav/AudioSet/train_wav/aMxLy5s3y8k,audioset
Laughter,aPN-7CnRjxo,/home/ubuntu/data/wav/AudioSet/train_wav/aPN-7CnRjxo,audioset
Screaming,aVdPh-RiNcc,/home/ubuntu/data/wav/AudioSet/train_wav/aVdPh-RiNcc,audioset
"Gunshot, gunfire",aVuoBwZxcJ4,/home/ubuntu/data/wav/AudioSet/train_wav/aVuoBwZxcJ4,audioset
"Crying, sobbing",aXxoWLiwdDU,/home/ubuntu/data/wav/AudioSet/train_wav/aXxoWLiwdDU,audioset
Ambulance (siren),a_mdhaQPQ3w,/home/ubuntu/data/wav/AudioSet/train_wav/a_mdhaQPQ3w,audioset
Explosion,apwQu55-5OI,/home/ubuntu/data/wav/AudioSet/train_wav/apwQu55-5OI,audioset
Screaming,aslxfM0T8No,/home/ubuntu/data/wav/AudioSet/train_wav/aslxfM0T8No,audioset
"Smash, crash",b0sK7-4NB2w,/home/ubuntu/data/wav/AudioSet/train_wav/b0sK7-4NB2w,audioset
"Gunshot, gunfire",bBdxLMRX5rs,/home/ubuntu/data/wav/AudioSet/train_wav/bBdxLMRX5rs,audioset
Laughter,bHr2TpszpYM,/home/ubuntu/data/wav/AudioSet/train_wav/bHr2TpszpYM,audioset
Laughter,bN0IL8Qd3ww,/home/ubuntu/data/wav/AudioSet/train_wav/bN0IL8Qd3ww,audioset
"Crying, sobbing",bS6RQtIGmDY,/home/ubuntu/data/wav/AudioSet/train_wav/bS6RQtIGmDY,audioset
Laughter,bgPABUZA8Mk,/home/ubuntu/data/wav/AudioSet/train_wav/bgPABUZA8Mk,audioset
"Gunshot, gunfire",brbEtmu2_MA,/home/ubuntu/data/wav/AudioSet/train_wav/brbEtmu2_MA,audioset
"Smash, crash",c8YKxp3GNPI,/home/ubuntu/data/wav/AudioSet/train_wav/c8YKxp3GNPI,audioset
"Gunshot, gunfire",cKK0oZrwed8,/home/ubuntu/data/wav/AudioSet/train_wav/cKK0oZrwed8,audioset
Laughter,cP337bGpQoE,/home/ubuntu/data/wav/AudioSet/train_wav/cP337bGpQoE,audioset
"Smash, crash",cUy2W4CR6_Y,/home/ubuntu/data/wav/AudioSet/train_wav/cUy2W4CR6_Y,audioset
"Gunshot, gunfire",cVxS2FAacrY,/home/ubuntu/data/wav/AudioSet/train_wav/cVxS2FAacrY,audioset
Screaming,cnmE_P7-lHw,/home/ubuntu/data/wav/AudioSet/train_wav/cnmE_P7-lHw,audioset
Ambulance (siren),d04-EBJMLsA,/home/ubuntu/data/wav/AudioSet/train_wav/d04-EBJMLsA,audioset
Explosion,d5jxfxK6xUg,/home/ubuntu/data/wav/AudioSet/train_wav/d5jxfxK6xUg,audioset
"Gunshot, gunfire",d61xTv_eJUw,/home/ubuntu/data/wav/AudioSet/train_wav/d61xTv_eJUw,audioset
Explosion,dLEDy35kbEg,/home/ubuntu/data/wav/AudioSet/train_wav/dLEDy35kbEg,audioset
Explosion,dQcv6M8mMGE,/home/ubuntu/data/wav/AudioSet/train_wav/dQcv6M8mMGE,audioset
Screaming,dhKZgvg9b14,/home/ubuntu/data/wav/AudioSet/train_wav/dhKZgvg9b14,audioset
Screaming,dixaI-tKNew,/home/ubuntu/data/wav/AudioSet/train_wav/dixaI-tKNew,audioset
Screaming,dqIU9-Qu9ug,/home/ubuntu/data/wav/AudioSet/train_wav/dqIU9-Qu9ug,audioset
"Gunshot, gunfire",dqJWTzC3s8I,/home/ubuntu/data/wav/AudioSet/train_wav/dqJWTzC3s8I,audioset
Laughter,dt5cujSzIvc,/home/ubuntu/data/wav/AudioSet/train_wav/dt5cujSzIvc,audioset
Explosion,eceLeLKCo6A,/home/ubuntu/data/wav/AudioSet/train_wav/eceLeLKCo6A,audioset
"Crying, sobbing",eesWRPDG6ZI,/home/ubuntu/data/wav/AudioSet/train_wav/eesWRPDG6ZI,audioset
"Smash, crash",ewtAB2FD2BU,/home/ubuntu/data/wav/AudioSet/train_wav/ewtAB2FD2BU,audioset
Laughter,f0QgJBvfEpc,/home/ubuntu/data/wav/AudioSet/train_wav/f0QgJBvfEpc,audioset
"Crying, sobbing",f3vRQc2w_Nk,/home/ubuntu/data/wav/AudioSet/train_wav/f3vRQc2w_Nk,audioset
Ambulance (siren),fFzUndjB_bU,/home/ubuntu/data/wav/AudioSet/train_wav/fFzUndjB_bU,audioset
Laughter,fQ4a_uttGCE,/home/ubuntu/data/wav/AudioSet/train_wav/fQ4a_uttGCE,audioset
Explosion,fWos7Z_zDgg,/home/ubuntu/data/wav/AudioSet/train_wav/fWos7Z_zDgg,audioset
Explosion,fcWIVV6iKNw,/home/ubuntu/data/wav/AudioSet/train_wav/fcWIVV6iKNw,audioset
Screaming,fhB7j-lgPlM,/home/ubuntu/data/wav/AudioSet/train_wav/fhB7j-lgPlM,audioset
"Crying, sobbing",ftuaQ40XKow,/home/ubuntu/data/wav/AudioSet/train_wav/ftuaQ40XKow,audioset
"Gunshot, gunfire",fu5PSTbkCTY,/home/ubuntu/data/wav/AudioSet/train_wav/fu5PSTbkCTY,audioset
"Smash, crash",g3sHyGWuZPQ,/home/ubuntu/data/wav/AudioSet/train_wav/g3sHyGWuZPQ,audioset
Screaming,gFsrWHtBfkU,/home/ubuntu/data/wav/AudioSet/train_wav/gFsrWHtBfkU,audioset
Explosion,gVgfohZexjk,/home/ubuntu/data/wav/AudioSet/train_wav/gVgfohZexjk,audioset
Laughter,gflxubunxyk,/home/ubuntu/data/wav/AudioSet/train_wav/gflxubunxyk,audioset
Ambulance (siren),gjroPMQJ3M8,/home/ubuntu/data/wav/AudioSet/train_wav/gjroPMQJ3M8,audioset
Explosion,gp_D8r-2hwk,/home/ubuntu/data/wav/AudioSet/train_wav/gp_D8r-2hwk,audioset
"Smash, crash",h-1nUE6P9xo,/home/ubuntu/data/wav/AudioSet/train_wav/h-1nUE6P9xo,audioset
"Gunshot, gunfire",h5gtwyez9HY,/home/ubuntu/data/wav/AudioSet/train_wav/h5gtwyez9HY,audioset
Screaming,h7-rFEczCkg,/home/ubuntu/data/wav/AudioSet/train_wav/h7-rFEczCkg,audioset
Screaming,h86zLS_6M9Y,/home/ubuntu/data/wav/AudioSet/train_wav/h86zLS_6M9Y,audioset
Explosion,hBq7Bdexp-M,/home/ubuntu/data/wav/AudioSet/train_wav/hBq7Bdexp-M,audioset
"Gunshot, gunfire",hGklLddzBQA,/home/ubuntu/data/wav/AudioSet/train_wav/hGklLddzBQA,audioset
Laughter,hLtzhp1xfCY,/home/ubuntu/data/wav/AudioSet/train_wav/hLtzhp1xfCY,audioset
"Gunshot, gunfire",hVXaWkX_KOw,/home/ubuntu/data/wav/AudioSet/train_wav/hVXaWkX_KOw,audioset
"Gunshot, gunfire",hWSvuq56hlM,/home/ubuntu/data/wav/AudioSet/train_wav/hWSvuq56hlM,audioset
"Gunshot, gunfire",hZ13aU7-npc,/home/ubuntu/data/wav/AudioSet/train_wav/hZ13aU7-npc,audioset
Explosion,hi6OuLJwvYk,/home/ubuntu/data/wav/AudioSet/train_wav/hi6OuLJwvYk,audioset
Ambulance (siren),huMQnPm6qK0,/home/ubuntu/data/wav/AudioSet/train_wav/huMQnPm6qK0,audioset
Laughter,i1_Xk60MGV8,/home/ubuntu/data/wav/AudioSet/train_wav/i1_Xk60MGV8,audioset
Laughter,iR6h8QUQHCs,/home/ubuntu/data/wav/AudioSet/train_wav/iR6h8QUQHCs,audioset
"Gunshot, gunfire",iTt7--azNtg,/home/ubuntu/data/wav/AudioSet/train_wav/iTt7--azNtg,audioset
"Gunshot, gunfire",iXCg-9B_K_8,/home/ubuntu/data/wav/AudioSet/train_wav/iXCg-9B_K_8,audioset
"Smash, crash",ic6BK6_GHHQ,/home/ubuntu/data/wav/AudioSet/train_wav/ic6BK6_GHHQ,audioset
"Smash, crash",itnpPvk38xc,/home/ubuntu/data/wav/AudioSet/train_wav/itnpPvk38xc,audioset
Screaming,iz5BbJSFVgI,/home/ubuntu/data/wav/AudioSet/train_wav/iz5BbJSFVgI,audioset
Laughter,j1Ga98ogOKY,/home/ubuntu/data/wav/AudioSet/train_wav/j1Ga98ogOKY,audioset
Ambulance (siren),j1N909f8Obg,/home/ubuntu/data/wav/AudioSet/train_wav/j1N909f8Obg,audioset
"Gunshot, gunfire",j9UFjooPrqs,/home/ubuntu/data/wav/AudioSet/train_wav/j9UFjooPrqs,audioset
Laughter,jDzNziarEAY,/home/ubuntu/data/wav/AudioSet/train_wav/jDzNziarEAY,audioset
Laughter,jH7BDWsU4zI,/home/ubuntu/data/wav/AudioSet/train_wav/jH7BDWsU4zI,audioset
"Gunshot, gunfire",jUFNFPgfaaY,/home/ubuntu/data/wav/AudioSet/train_wav/jUFNFPgfaaY,audioset
Screaming,jWQIPRmqwqw,/home/ubuntu/data/wav/AudioSet/train_wav/jWQIPRmqwqw,audioset
"Smash, crash",jaOffpnqcUY,/home/ubuntu/data/wav/AudioSet/train_wav/jaOffpnqcUY,audioset
"Gunshot, gunfire",jdiphmOtFVU,/home/ubuntu/data/wav/AudioSet/train_wav/jdiphmOtFVU,audioset
"Smash, crash",jfnXfEnihw4,/home/ubuntu/data/wav/AudioSet/train_wav/jfnXfEnihw4,audioset
Screaming,jr-W3ma9aBc,/home/ubuntu/data/wav/AudioSet/train_wav/jr-W3ma9aBc,audioset
Ambulance (siren),jvRhGrWnQLA,/home/ubuntu/data/wav/AudioSet/train_wav/jvRhGrWnQLA,audioset
"Gunshot, gunfire",jwbQ60-plVg,/home/ubuntu/data/wav/AudioSet/train_wav/jwbQ60-plVg,audioset
Screaming,jzAufWvuXEk,/home/ubuntu/data/wav/AudioSet/train_wav/jzAufWvuXEk,audioset
"Gunshot, gunfire",k17Xq-wWn6w,/home/ubuntu/data/wav/AudioSet/train_wav/k17Xq-wWn6w,audioset
"Smash, crash",k87LUzVsOF4,/home/ubuntu/data/wav/AudioSet/train_wav/k87LUzVsOF4,audioset
Laughter,kGA7MEPfO-4,/home/ubuntu/data/wav/AudioSet/train_wav/kGA7MEPfO-4,audioset
Laughter,kZWJHJuMWkg,/home/ubuntu/data/wav/AudioSet/train_wav/kZWJHJuMWkg,audioset
"Gunshot, gunfire",kcnc66tQlxg,/home/ubuntu/data/wav/AudioSet/train_wav/kcnc66tQlxg,audioset
Laughter,l-j82fp24_U,/home/ubuntu/data/wav/AudioSet/train_wav/l-j82fp24_U,audioset
Laughter,l08Nz9qlbIE,/home/ubuntu/data/wav/AudioSet/train_wav/l08Nz9qlbIE,audioset
Screaming,l3DJ2MJ5CzY,/home/ubuntu/data/wav/AudioSet/train_wav/l3DJ2MJ5CzY,audioset
Laughter,l7HJwsT-2eE,/home/ubuntu/data/wav/AudioSet/train_wav/l7HJwsT-2eE,audioset
"Gunshot, gunfire",l7mSUe1bxyE,/home/ubuntu/data/wav/AudioSet/train_wav/l7mSUe1bxyE,audioset
"Crying, sobbing",lM-vvdglD2o,/home/ubuntu/data/wav/AudioSet/train_wav/lM-vvdglD2o,audioset
"Gunshot, gunfire",lNnj9q0oVLY,/home/ubuntu/data/wav/AudioSet/train_wav/lNnj9q0oVLY,audioset
Laughter,lQinJ8ECmso,/home/ubuntu/data/wav/AudioSet/train_wav/lQinJ8ECmso,audioset
Laughter,l_DS-zKKP4o,/home/ubuntu/data/wav/AudioSet/train_wav/l_DS-zKKP4o,audioset
Ambulance (siren),ldPcujHM1RQ,/home/ubuntu/data/wav/AudioSet/train_wav/ldPcujHM1RQ,audioset
Ambulance (siren),liDk5JhUyoQ,/home/ubuntu/data/wav/AudioSet/train_wav/liDk5JhUyoQ,audioset
"Gunshot, gunfire",lmEiT0_7b0k,/home/ubuntu/data/wav/AudioSet/train_wav/lmEiT0_7b0k,audioset
Laughter,mHsq8CQryyU,/home/ubuntu/data/wav/AudioSet/train_wav/mHsq8CQryyU,audioset
"Gunshot, gunfire",mIkW7mWlnXw,/home/ubuntu/data/wav/AudioSet/train_wav/mIkW7mWlnXw,audioset
Laughter,mcyM8m5D8uE,/home/ubuntu/data/wav/AudioSet/train_wav/mcyM8m5D8uE,audioset
Laughter,miwuZGdJKtI,/home/ubuntu/data/wav/AudioSet/train_wav/miwuZGdJKtI,audioset
"Gunshot, gunfire",mk3b2BgeyhA,/home/ubuntu/data/wav/AudioSet/train_wav/mk3b2BgeyhA,audioset
"Gunshot, gunfire",mmAigxjQbtE,/home/ubuntu/data/wav/AudioSet/train_wav/mmAigxjQbtE,audioset
Ambulance (siren),mmL5v36jxhQ,/home/ubuntu/data/wav/AudioSet/train_wav/mmL5v36jxhQ,audioset
Screaming,myWiV_HMXtc,/home/ubuntu/data/wav/AudioSet/train_wav/myWiV_HMXtc,audioset
Screaming,n08qMfFB_UM,/home/ubuntu/data/wav/AudioSet/train_wav/n08qMfFB_UM,audioset
Ambulance (siren),n5CNDVuGtK0,/home/ubuntu/data/wav/AudioSet/train_wav/n5CNDVuGtK0,audioset
"Crying, sobbing",nR-TX29HtDA,/home/ubuntu/data/wav/AudioSet/train_wav/nR-TX29HtDA,audioset
"Smash, crash",nZGcya5tpb4,/home/ubuntu/data/wav/AudioSet/train_wav/nZGcya5tpb4,audioset
Ambulance (siren),nagRgYmxhx8,/home/ubuntu/data/wav/AudioSet/train_wav/nagRgYmxhx8,audioset
"Smash, crash",nagzRHY8eyA,/home/ubuntu/data/wav/AudioSet/train_wav/nagzRHY8eyA,audioset
Ambulance (siren),ne4IMxs-hMk,/home/ubuntu/data/wav/AudioSet/train_wav/ne4IMxs-hMk,audioset
"Gunshot, gunfire",nhAismtQmkY,/home/ubuntu/data/wav/AudioSet/train_wav/nhAismtQmkY,audioset
"Gunshot, gunfire",nuuykD2akvI,/home/ubuntu/data/wav/AudioSet/train_wav/nuuykD2akvI,audioset
Screaming,nwMHPaDYg4I,/home/ubuntu/data/wav/AudioSet/train_wav/nwMHPaDYg4I,audioset
Laughter,nxPSJZT5qYU,/home/ubuntu/data/wav/AudioSet/train_wav/nxPSJZT5qYU,audioset
Laughter,oDQb7qZsz6o,/home/ubuntu/data/wav/AudioSet/train_wav/oDQb7qZsz6o,audioset
Laughter,oJC32UsYFLg,/home/ubuntu/data/wav/AudioSet/train_wav/oJC32UsYFLg,audioset
"Gunshot, gunfire",okXKlLF2lh0,/home/ubuntu/data/wav/AudioSet/train_wav/okXKlLF2lh0,audioset
"Gunshot, gunfire",opnG6qoVYzM,/home/ubuntu/data/wav/AudioSet/train_wav/opnG6qoVYzM,audioset
"Smash, crash",p1PxCuL3KGk,/home/ubuntu/data/wav/AudioSet/train_wav/p1PxCuL3KGk,audioset
Screaming,pRR0NoGHjVk,/home/ubuntu/data/wav/AudioSet/train_wav/pRR0NoGHjVk,audioset
"Gunshot, gunfire",pZF-hff52ts,/home/ubuntu/data/wav/AudioSet/train_wav/pZF-hff52ts,audioset
Explosion,paBYh4Sgs64,/home/ubuntu/data/wav/AudioSet/train_wav/paBYh4Sgs64,audioset
Laughter,pe78YyFACLA,/home/ubuntu/data/wav/AudioSet/train_wav/pe78YyFACLA,audioset
"Gunshot, gunfire",q-P6YlGm4uY,/home/ubuntu/data/wav/AudioSet/train_wav/q-P6YlGm4uY,audioset
"Gunshot, gunfire",qBLiT_0wwM4,/home/ubuntu/data/wav/AudioSet/train_wav/qBLiT_0wwM4,audioset
Laughter,qL14sfSWR-M,/home/ubuntu/data/wav/AudioSet/train_wav/qL14sfSWR-M,audioset
"Gunshot, gunfire",qr7Z_1WM8pg,/home/ubuntu/data/wav/AudioSet/train_wav/qr7Z_1WM8pg,audioset
Laughter,qyJf7xmFWfs,/home/ubuntu/data/wav/AudioSet/train_wav/qyJf7xmFWfs,audioset
Screaming,r3yk5mg_YuI,/home/ubuntu/data/wav/AudioSet/train_wav/r3yk5mg_YuI,audioset
"Gunshot, gunfire",rBdrfl0xivM,/home/ubuntu/data/wav/AudioSet/train_wav/rBdrfl0xivM,audioset
"Gunshot, gunfire",rK7LRuvEnHQ,/home/ubuntu/data/wav/AudioSet/train_wav/rK7LRuvEnHQ,audioset
"Gunshot, gunfire",rPH94rNhZl0,/home/ubuntu/data/wav/AudioSet/train_wav/rPH94rNhZl0,audioset
"Gunshot, gunfire",rTaWJ4gZ7g0,/home/ubuntu/data/wav/AudioSet/train_wav/rTaWJ4gZ7g0,audioset
"Gunshot, gunfire",roxImnh9YTI,/home/ubuntu/data/wav/AudioSet/train_wav/roxImnh9YTI,audioset
"Gunshot, gunfire",rp3cD2jWlVE,/home/ubuntu/data/wav/AudioSet/train_wav/rp3cD2jWlVE,audioset
"Crying, sobbing",s1fxGZUobaw,/home/ubuntu/data/wav/AudioSet/train_wav/s1fxGZUobaw,audioset
Explosion,s5JPbWkRXKs,/home/ubuntu/data/wav/AudioSet/train_wav/s5JPbWkRXKs,audioset
"Gunshot, gunfire",sA73ScSPS30,/home/ubuntu/data/wav/AudioSet/train_wav/sA73ScSPS30,audioset
"Smash, crash",sD9Zh17d9Qc,/home/ubuntu/data/wav/AudioSet/train_wav/sD9Zh17d9Qc,audioset
Laughter,soVRoIbewMM,/home/ubuntu/data/wav/AudioSet/train_wav/soVRoIbewMM,audioset
"Gunshot, gunfire",sq3jcffMfwU,/home/ubuntu/data/wav/AudioSet/train_wav/sq3jcffMfwU,audioset
"Gunshot, gunfire",svGU7yB_AXw,/home/ubuntu/data/wav/AudioSet/train_wav/svGU7yB_AXw,audioset
Ambulance (siren),sySBWsgVk5Y,/home/ubuntu/data/wav/AudioSet/train_wav/sySBWsgVk5Y,audioset
Ambulance (siren),t2DrvtWfCqE,/home/ubuntu/data/wav/AudioSet/train_wav/t2DrvtWfCqE,audioset
"Smash, crash",t3w7iwpgmTw,/home/ubuntu/data/wav/AudioSet/train_wav/t3w7iwpgmTw,audioset
Laughter,tNABGedFgzQ,/home/ubuntu/data/wav/AudioSet/train_wav/tNABGedFgzQ,audioset
"Gunshot, gunfire",tTtuoCraB1Y,/home/ubuntu/data/wav/AudioSet/train_wav/tTtuoCraB1Y,audioset
Explosion,tVZzdtnZaJk,/home/ubuntu/data/wav/AudioSet/train_wav/tVZzdtnZaJk,audioset
"Gunshot, gunfire",toDcLiHJUEA,/home/ubuntu/data/wav/AudioSet/train_wav/toDcLiHJUEA,audioset
Explosion,tuZYdoic2lk,/home/ubuntu/data/wav/AudioSet/train_wav/tuZYdoic2lk,audioset
Screaming,u0WLBqVXAM0,/home/ubuntu/data/wav/AudioSet/train_wav/u0WLBqVXAM0,audioset
"Gunshot, gunfire",uLETIQnJM44,/home/ubuntu/data/wav/AudioSet/train_wav/uLETIQnJM44,audioset
Laughter,uoirx7CU79E,/home/ubuntu/data/wav/AudioSet/train_wav/uoirx7CU79E,audioset
"Gunshot, gunfire",upxh7mZ5IBo,/home/ubuntu/data/wav/AudioSet/train_wav/upxh7mZ5IBo,audioset
"Crying, sobbing",v9BiUyq_ISU,/home/ubuntu/data/wav/AudioSet/train_wav/v9BiUyq_ISU,audioset
Laughter,vBURLy-p56s,/home/ubuntu/data/wav/AudioSet/train_wav/vBURLy-p56s,audioset
Screaming,vGdfIUCkVEU,/home/ubuntu/data/wav/AudioSet/train_wav/vGdfIUCkVEU,audioset
"Gunshot, gunfire",vJwCeEoc6Ss,/home/ubuntu/data/wav/AudioSet/train_wav/vJwCeEoc6Ss,audioset
"Gunshot, gunfire",vQWFMfbDJyI,/home/ubuntu/data/wav/AudioSet/train_wav/vQWFMfbDJyI,audioset
"Gunshot, gunfire",vQdYJv4Mebk,/home/ubuntu/data/wav/AudioSet/train_wav/vQdYJv4Mebk,audioset
Ambulance (siren),vSUTqtuykDc,/home/ubuntu/data/wav/AudioSet/train_wav/vSUTqtuykDc,audioset
"Gunshot, gunfire",vXOhbFavtqU,/home/ubuntu/data/wav/AudioSet/train_wav/vXOhbFavtqU,audioset
"Gunshot, gunfire",vcmuZ3MDSK8,/home/ubuntu/data/wav/AudioSet/train_wav/vcmuZ3MDSK8,audioset
Ambulance (siren),vqhJYScDw9k,/home/ubuntu/data/wav/AudioSet/train_wav/vqhJYScDw9k,audioset
Ambulance (siren),w1Kb6BNXJQg,/home/ubuntu/data/wav/AudioSet/train_wav/w1Kb6BNXJQg,audioset
Explosion,w2AKKeN2otQ,/home/ubuntu/data/wav/AudioSet/train_wav/w2AKKeN2otQ,audioset
Ambulance (siren),wE9Wmfcscic,/home/ubuntu/data/wav/AudioSet/train_wav/wE9Wmfcscic,audioset
"Gunshot, gunfire",wRVZAD1pfeo,/home/ubuntu/data/wav/AudioSet/train_wav/wRVZAD1pfeo,audioset
"Gunshot, gunfire",wdVYP2ijnew,/home/ubuntu/data/wav/AudioSet/train_wav/wdVYP2ijnew,audioset
"Gunshot, gunfire",woVeO6XRBEY,/home/ubuntu/data/wav/AudioSet/train_wav/woVeO6XRBEY,audioset
Ambulance (siren),wwWMqxv5bpM,/home/ubuntu/data/wav/AudioSet/train_wav/wwWMqxv5bpM,audioset
"Gunshot, gunfire",xFzsYFhrHtk,/home/ubuntu/data/wav/AudioSet/train_wav/xFzsYFhrHtk,audioset
Ambulance (siren),xHTMsmh7keA,/home/ubuntu/data/wav/AudioSet/train_wav/xHTMsmh7keA,audioset
Ambulance (siren),xOdntZSjcds,/home/ubuntu/data/wav/AudioSet/train_wav/xOdntZSjcds,audioset
"Gunshot, gunfire",xWfYh7-y7CA,/home/ubuntu/data/wav/AudioSet/train_wav/xWfYh7-y7CA,audioset
Ambulance (siren),xf0s8sYidso,/home/ubuntu/data/wav/AudioSet/train_wav/xf0s8sYidso,audioset
Laughter,xnliLFqdfo0,/home/ubuntu/data/wav/AudioSet/train_wav/xnliLFqdfo0,audioset
Explosion,yFmmu6irQrk,/home/ubuntu/data/wav/AudioSet/train_wav/yFmmu6irQrk,audioset
"Smash, crash",yWQ8bXMlpLk,/home/ubuntu/data/wav/AudioSet/train_wav/yWQ8bXMlpLk,audioset
"Gunshot, gunfire",yYqURVoqlXw,/home/ubuntu/data/wav/AudioSet/train_wav/yYqURVoqlXw,audioset
Laughter,yZ4Z2WZ5efw,/home/ubuntu/data/wav/AudioSet/train_wav/yZ4Z2WZ5efw,audioset
Laughter,yagYolaOvTc,/home/ubuntu/data/wav/AudioSet/train_wav/yagYolaOvTc,audioset
Ambulance (siren),ysNK5RVF3Zw,/home/ubuntu/data/wav/AudioSet/train_wav/ysNK5RVF3Zw,audioset
"Gunshot, gunfire",yx-gN-b5yLY,/home/ubuntu/data/wav/AudioSet/train_wav/yx-gN-b5yLY,audioset
"Crying, sobbing",yz8LyO6ppJA,/home/ubuntu/data/wav/AudioSet/train_wav/yz8LyO6ppJA,audioset
"Smash, crash",z5jEjm1OhZ4,/home/ubuntu/data/wav/AudioSet/train_wav/z5jEjm1OhZ4,audioset
Laughter,z9yGS9HKGsQ,/home/ubuntu/data/wav/AudioSet/train_wav/z9yGS9HKGsQ,audioset
"Gunshot, gunfire",zC3MxGNQ4fY,/home/ubuntu/data/wav/AudioSet/train_wav/zC3MxGNQ4fY,audioset
"Gunshot, gunfire",zHy43cBfK9M,/home/ubuntu/data/wav/AudioSet/train_wav/zHy43cBfK9M,audioset
"Crying, sobbing",zQpPfONDPXs,/home/ubuntu/data/wav/AudioSet/train_wav/zQpPfONDPXs,audioset
"Gunshot, gunfire",zu53y8M2xBc,/home/ubuntu/data/wav/AudioSet/train_wav/zu53y8M2xBc,audioset
